frame_number,force
0,851.5497460284886
1,851.3947656007866
2,851.2374786649497
3,851.0780538225919
4,850.9166593124812
5,850.7534626351529
6,850.5886301841975
7,850.4223268877813
8,850.2547158643629
9,850.085958096598
10,849.9162121268614
11,849.7456337766915
12,849.5743758912892
13,849.4025881095716
14,849.2304166601813
15,849.0580041837846
16,848.885489581777
17,848.7130078913557
18,848.5406901870834
19,848.3686635095588
20,848.1970508224437
21,848.0259709996512
22,847.8555388447506
23,847.6858651445003
24,847.5170567579696
25,847.3492167421036
26,847.1824445139302
27,847.0168360489781
28,846.8524841150418
29,846.6894785404631
30,846.5279065166231
31,846.3678529349556
32,846.2094007589591
33,846.0526314311506
34,845.8976253138549
35,845.7444621615713
36,845.5932216218538
37,845.443983761356
38,845.2968296138218
39,845.151841746913
40,845.0091048443894
41,844.8687062990883
42,844.7307368107672
43,844.5952909819779
44,844.4624679052174
45,844.3323717354778
46,844.2051122433862
47,844.0808053450081
48,843.9595736049937
49,843.8415467101172
50,843.7268619103342
51,843.6156644242866
52,843.508107805878
53,843.4043542683459
54,843.3045749623369
55,843.2089502047609
56,843.117669655481
57,843.0309324390831
58,842.9489472089975
59,842.8719321512136
60,842.800114924793
61,842.7337325364583
62,842.6730311467506
63,842.6182658057438
64,842.5697001171256
65,842.5276058304073
66,842.4922623619282
67,842.4639562461961
68,842.4429805200033
69,842.4296340424788
70,842.4242207544961
71,842.42704888059
72,842.4384300759208
73,842.4586785201931
74,842.4881099600707
75,842.527040701594
76,842.5757865542162
77,842.6346617282262
78,842.7039776875544
79,842.784041960336
80,842.8751569102574
81,842.9776184726495
82,843.0917148604196
83,843.2177252460116
84,843.3559184265591
85,843.5065514801797
86,843.6698684219587
87,843.8460988686724
88,844.0354567217908
89,844.2381388788559
90,844.4543239837369
91,844.6841712261754
92,844.9278192003318
93,845.1853848310343
94,845.4569623755507
95,845.7426225081414
96,846.042411494312
97,846.3563504612501
98,846.6844347701774
99,847.0266334952669
100,847.3828890127138
101,847.7531167028295
102,848.1372047676413
103,848.5350141660921
104,848.9463786681331
105,849.3711050276277
106,849.8089732722912
107,850.2597371072858
108,850.7231244277531
109,851.1988379343685
110,851.686555844802
111,852.1859326929952
112,852.6966002077927
113,853.2181682628312
114,853.7502258903926
115,854.2923423527022
116,854.8440682646494
117,855.4049367621824
118,855.974464711016
119,856.5521539508086
120,857.1374925703942
121,857.7299562098258
122,858.3290093850368
123,858.9341068310471
124,859.544694859782
125,860.1602127285205
126,860.780094014672
127,861.4037679921279
128,862.0306610040036
129,862.660197826223
130,863.2918030160431
131,863.9249022392744
132,864.5589235696689
133,865.193298753728
134,865.8274644340272
135,866.4608633241558
136,867.0929453287949
137,867.7231686033226
138,868.3510005483348
139,868.9759187354064
140,869.5974117613824
141,870.2149800297068
142,870.8281364586458
143,871.4364071174376
144,872.0393317921659
145,872.636464483595
146,873.2273738394512
147,873.8116435237808
148,874.3888725262459
149,874.9586754145831
150,875.5206825337633
151,876.0745401551991
152,876.6199105785636
153,877.1564721877626
154,877.6839194618642
155,878.2019629416815
156,878.7103291531688
157,879.2087604893652
158,879.697015052755
159,880.1748664594618
160,880.6421036059081
161,881.0985303977742
162,881.5439654404116
163,881.9782416893611
164,882.4012060594638
165,882.8127189914521
166,883.2126539758285
167,883.6008970350649
168,883.9773461663231
169,884.3419107478037
170,884.6945109124929
171,885.0350768936469
172,885.3635483469485
173,885.6798736548168
174,885.9840092188437
175,886.2759187468906
176,886.5555725418933
177,886.8229467994585
178,887.0780229205048
179,887.320786843676
180,887.5512284005703
181,887.7693406953746
182,887.9751195093512
183,888.1685627297587
184,888.3496698021924
185,888.518441205139
186,888.6748779458286
187,888.8189810770347
188,888.9507512350586
189,889.0701881996843
190,889.1772904775569
191,889.2720549112778
192,889.3544763172346
193,889.4245471555059
194,889.4822572350253
195,889.5275934566522
196,889.560539596063
197,889.5810761276495
198,889.5891800900021
199,889.5848249929959
200,889.5679807660896
201,889.5386137473247
202,889.4966867126723
203,889.4421589456408
204,889.3749863472862
205,889.2951215869734
206,889.2025142945639
207,889.0971112952965
208,888.9788568893694
209,888.8476931786597
210,888.7035604427858
211,888.5463975658745
212,888.3761425142667
213,888.1927328643325
214,887.9961063788659
215,887.7862016301762
216,887.5629586676844
217,887.3263197272878
218,887.0762299789168
219,886.8126383077044
220,886.5354981232776
221,886.2447681910539
222,885.9404134791122
223,885.6224060139771
224,885.2907257383451
225,884.9453613635917
226,884.5863112101982
227,884.2135840299644
228,883.8271998045504
229,883.4271905152477
230,883.0136008791156
231,882.5864890470897
232,882.1459272604457
233,881.6920024628639
234,881.2248168660273
235,880.7444884670986
236,880.2511515166077
237,879.7449569352641
238,879.2260726780639
239,878.6946840440602
240,878.1509939306092
241,877.5952230317491
242,877.0276099813038
243,876.4484114420968
244,875.8579021432095
245,875.2563748674247
246,874.6441403908232
247,874.0215273760128
248,873.3888822198318
249,872.7465688558875
250,872.0949685124104
251,871.4344794266974
252,870.7655165184113
253,870.0885110245883
254,869.4039100992867
255,868.7121763806887
256,868.0137875284553
257,867.309235734303
258,866.5990272090202
259,865.8836816493075
260,865.1637316876554
261,864.4397223277144
262,863.7122103662433
263,862.9817638011928
264,862.248961224464
265,861.5143911976223
266,860.7786516090006
267,860.0423490106663
268,859.3060979334651
269,858.5705201779537
270,857.8362440786899
271,857.1039037390284
272,856.3741382332777
273,855.6475907729205
274,854.9249078336547
275,854.2067382403911
276,853.4937322081723
277,852.7865403383161
278,852.0858125706479
279,851.3921970941515
280,850.7063392194661
281,850.028880217337
282,849.3604561273409
283,848.7016965411444
284,848.0532233643897
285,847.4156495611145
286,846.7895778842756
287,846.1755995953824
288,845.5742931757113
289,844.9862230313566
290,844.411938194679
291,843.8519710255339
292,843.3068359168929
293,842.77702801083
294,842.2630219319801
295,841.765270546271
296,841.2842037529613
297,840.8202273177833
298,840.3737217543849
299,839.9450412605453
300,839.5345127151214
301,839.1424347414172
302,838.7690768425164
303,838.414678613881
304,838.0794490382386
305,837.7635658677111
306,837.4671750984515
307,837.1903905435562
308,836.9332935104135
309,836.6959325887207
310,836.4783235550929
311,836.2804493993482
312,836.1022604760583
313,835.9436747830174
314,835.8045783664448
315,835.6848258514527
316,835.5842410955499
317,835.5026179623478
318,835.4397212118763
319,835.3952875028809
320,835.36902650117
321,835.3606220867623
322,835.3697336516631
323,835.3959974798116
324,835.4390282009125
325,835.4984203100157
326,835.5737497446587
327,835.6645755112324
328,835.7704413522349
329,835.8908774461432
330,836.025402131574
331,836.1735236471368
332,836.3347418780838
333,836.508550100596
334,836.6944367143204
335,836.891886953574
336,837.1003845675847
337,837.3194134603783
338,837.5484592814706
339,837.7870109591975
340,838.0345621693149
341,838.2906127325732
342,838.5546699362211
343,838.8262497754685
344,839.1048781116491
345,839.3900917444104
346,839.6814393960176
347,839.9784826067904
348,840.2807965416164
349,840.587970708215
350,840.899609588199
351,841.215333182027
352,841.5347774689416
353,841.8575947832102
354,842.1834541083581
355,842.5120412912364
356,842.8430591775106
357,843.1762276695902
358,843.5112837074345
359,843.8479811722797
360,844.1860907133545
361,844.5253994982463
362,844.8657108886408
363,845.2068440443724
364,845.5486334598017
365,845.8909284373926
366,846.2335925040052
367,846.5765027759177
368,846.9195492789763
369,847.2626342306689
370,847.6056712914951
371,847.9485847936987
372,848.2913089557346
373,848.6337870903759
374,848.9759708132799
375,849.3178192576497
376,849.6592982997026
377,850.0003797990997
378,850.3410408581545
379,850.6812631032685
380,851.0210319914663
381,851.3603361441458
382,851.6991667094306
383,852.0375167539988
384,852.3753806849618
385,852.7127537021529
386,853.0496312809846
387,853.3860086859056
388,853.7218805144375
389,854.0572402716466
390,854.39207997464
391,854.7263897863527
392,855.0601576775177
393,855.3933691152166
394,855.7260067758353
395,856.05805027987
396,856.3894759459652
397,856.7202565617426
398,857.0503611693559
399,857.3797548643032
400,857.7083986068056
401,858.0362490456849
402,858.3632583550357
403,858.6893740842064
404,859.0145390218531
405,859.3386910751866
406,859.6617631657996
407,859.9836831434543
408,860.3043737188515
409,860.6237524157854
410,860.9417315423902
411,861.2582181805867
412,861.5731141925564
413,861.8863162432173
414,862.1977158380688
415,862.5071993759898
416,862.8146482163163
417,863.1199387591657
418,863.4229425381111
419,863.7235263250911
420,864.0215522483209
421,864.3168779243232
422,864.6093566049854
423,864.8988373401446
424,865.1851651560044
425,865.4681812496508
426,865.7477231997683
427,866.0236251931598
428,866.2957182661179
429,866.5638305593106
430,866.8277875845791
431,867.0874125018569
432,867.342526404587
433,867.5929486127936
434,867.8384969741253
435,868.0789881742224
436,868.3142380582714
437,868.5440619654686
438,868.768275077393
439,868.9866927801312
440,869.199131038694
441,869.4054067812032
442,869.6053382898788
443,869.7987455961764
444,869.9854508783432
445,870.1652788608636
446,870.3380572163766
447,870.5036169713693
448,870.6617929172439
449,870.8124240282937
450,870.955353887798
451,871.0904311228609
452,871.2175098479169
453,871.3364501160934
454,871.447118376862
455,871.5493879376409
456,871.6431394263074
457,871.7282612508608
458,871.8046500516457
459,871.8722111408217
460,871.9308589235246
461,871.9805172955768
462,872.0211200133984
463,872.0526110324565
464,872.0749448109708
465,872.0880865758386
466,872.0920125480758
467,872.0867101256025
468,872.0721780218071
469,872.0484263589781
470,872.0154767164429
471,871.9733621341367
472,871.9221270732751
473,871.8618273366891
474,871.7925299520689
475,871.7143130217686
476,871.627265542869
477,871.531487200863
478,871.4270881396942
479,871.3141887101045
480,871.1929191975283
481,871.0634195302749
482,870.9258389685699
483,870.7803357752215
484,870.6270768692046
485,870.4662374641762
486,870.2980006946553
487,870.1225572332451
488,869.9401049027459
489,869.7508482870938
490,869.5549983445999
491,869.352772026229
492,869.1443919009587
493,868.9300857896934
494,868.7100864087917
495,868.4846310240088
496,868.2539611154671
497,868.0183220538037
498,867.7779627868332
499,867.533135535136
500,867.2840954942828
501,867.0311005411119
502,866.7744109416416
503,866.5142890585976
504,866.2509990568077
505,865.9848066047064
506,865.7159785700975
507,865.4447827083135
508,865.1714873409131
509,864.8963610230109
510,864.6196721973769
511,864.3416888339227
512,864.0626780542077
513,863.7829057418583
514,863.5026361408134
515,863.2221314438848
516,862.9416513743112
517,862.6614527629752
518,862.3817891238962
519,862.1029102306975
520,861.8250616970627
521,861.5484845645598
522,861.2734149011355
523,861.0000834128259
524,860.7287150701012
525,860.4595287493702
526,860.1927368899162
527,859.9285451669674
528,859.6671521825305
529,859.4087491766892
530,859.1535197630078
531,858.9016396923876
532,858.6532766501531
533,858.4085900912238
534,858.167731117865
535,857.9308424038989
536,857.6980581686801
537,857.4695042036986
538,857.245297954213
539,857.0255486577006
540,856.810357540056
541,856.5998180693125
542,856.394016265346
543,856.1930310628148
544,855.9969347237204
545,855.8057932954263
546,855.6196671095478
547,855.4386113165826
548,855.2626764505965
549,855.0919090179657
550,854.9263521043052
551,854.7660459941944
552,854.6110287988887
553,854.4613370875425
554,854.3170065176286
555,854.178072460651
556,854.0445706202146
557,853.9165376409127
558,853.7940117077873
559,853.6770331367135
560,853.5656449557629
561,853.459893476629
562,853.3598288540999
563,853.2655056307955
564,853.1769832641323
565,853.0943266326026
566,853.0176065186273
567,852.9469000651911
568,852.8822912031184
569,852.8238710453213
570,852.7717382438457
571,852.7259993052402
572,852.6867688597326
573,852.654169879804
574,852.6283338439467
575,852.6094008416218
576,852.5975196156644
577,852.5928475386665
578,852.5955505203837
579,852.6058028440732
580,852.623786930654
581,852.6496930302757
582,852.6837188410846
583,852.726069054665
584,852.7769548271444
585,852.8365931747649
586,852.9052062931617
587,852.9830208003833
588,853.0702669043798
589,853.1671774962126
590,853.2739871708228
591,853.3909311778084
592,853.5182443050984
593,853.6561596986795
594,853.8049076219249
595,853.9647141588687
596,854.1357998669606
597,854.318378386042
598,854.5126550109977
599,854.7188252357449
600,854.9370732765148
601,855.1675705832564
602,855.410474349198
603,855.6659260296585
604,855.9340498818777
605,856.2149515379683
606,856.5087166230807
607,856.8154094304704
608,857.135071664498
609,857.4677212619349
610,857.8133513014683
611,858.1719290109747
612,858.5433948817823
613,858.9276618985566
614,859.3246148925141
615,859.734110024533
616,860.1559744035877
617,860.5900058448126
618,861.0359727702332
619,861.493614253815
620,861.9626402110669
621,862.44273173207
622,862.9335415554808
623,863.4346946798441
624,863.9457891075962
625,864.4663967166484
626,864.9960642544912
627,865.5343144500139
628,866.0806472382312
629,866.6345410926223
630,867.1954544588821
631,867.7628272827129
632,868.3360826230767
633,868.9146283414
634,869.497858856806
635,870.0851569576116
636,870.6758956597927
637,871.2694401035136
638,871.8651494789029
639,872.4623789721372
640,873.060481722818
641,873.6588107837064
642,874.2567210740464
643,874.8535713176519
644,875.4487259564003
645,876.0415570289074
646,876.6314460034706
647,877.2177855542158
648,877.7999812698164
649,878.3774532851199
650,878.9496378275763
651,879.5159886723118
652,880.0759785014432
653,880.6291001642567
654,881.1748678353372
655,881.7128180681774
656,882.2425107424762
657,882.7635299039423
658,883.2754844956952
659,883.778008980516
660,884.2707638537091
661,884.7534360473521
662,885.2257392280274
663,885.6874139913152
664,886.1382279570227
665,886.5779757693255
666,887.0064790059232
667,887.423586000114
668,887.829171579437
669,888.2231367242592
670,888.6054081495572
671,888.9759378132238
672,889.3347023542938
673,889.6817024642759
674,890.0169621943628
675,890.3405282009244
676,890.6524689315662
677,890.9528737541705
678,891.2418520316544
679,891.5195321456307
680,891.7860604726407
681,892.0416003171209
682,892.2863308056438
683,892.520445747183
684,892.7441524642218
685,892.9576705995125
686,893.1612309033583
687,893.3550740066102
688,893.5394491851757
689,893.7146131223539
690,893.8808286753875
691,894.0383636522799
692,894.1874896045208
693,894.3284806411689
694,894.4616122697432
695,894.5871602694746
696,894.7053996024769
697,894.8166033680257
698,894.9210418041627
699,895.018981339393
700,895.1106836958246
701,895.1964050443027
702,895.2763952120591
703,895.350896943779
704,895.4201452173364
705,895.4843666156421
706,895.5437787561892
707,895.5985897800159
708,895.6489979016467
709,895.6951910208124
710,895.7373463954838
711,895.7756303746006
712,895.8101981882835
713,895.8411937931429
714,895.868749770202
715,895.8929872727622
716,895.9140160213077
717,895.9319343424219
718,895.9468292487949
719,895.9587765577443
720,895.9678410459953
721,895.974076638571
722,895.9775266296599
723,895.9782239335082
724,895.9761913637332
725,895.9714419397438
726,895.9639792190046
727,895.9537976536924
728,895.9408829699447
729,895.9252125675032
730,895.9067559372598
731,895.8854750941526
732,895.8613250231376
733,895.8342541364888
734,895.8042047411964
735,895.7711135155346
736,895.7349119939163
737,895.6955270590419
738,895.652881440174
739,895.6068942161402
740,895.5574813214354
741,895.5045560536049
742,895.4480295799945
743,895.3878114420095
744,895.3238100553029
745,895.255933204891
746,895.1840885348489
747,895.1081840326592
748,895.0281285084329
749,894.9438320694641
750,894.8552065910587
751,894.7621661849847
752,894.6646276668488
753,894.562511023245
754,894.4557398789223
755,894.3442419636533
756,894.2279495779127
757,894.1068000557912
758,893.9807362227183
759,893.8497068444403
760,893.7136670623541
761,893.5725788089767
762,893.4264111964413
763,893.2751408707256
764,893.1187523247671
765,892.9572381644833
766,892.7905993228345
767,892.6188452183214
768,892.4419938554594
769,892.260071865658
770,892.0731144876612
771,891.8811654874359
772,891.6842770182689
773,891.48250942283
774,891.2759309799796
775,891.0646175999447
776,890.8486524720465
777,890.628125669615
778,890.4031337172379
779,890.1737791260884
780,889.940169903571
781,889.70241904377
782,889.4606440050311
783,889.2149661805353
784,888.9655103672411
785,888.7124042383513
786,888.4557778243577
787,888.1957630073699
788,887.9324930327112
789,887.6661020410215
790,887.396724623675
791,887.1244954041449
792,886.8495486476477
793,886.5720179006909
794,886.292035661079
795,886.0097330778326
796,885.7252396797265
797,885.4386831308789
798,885.1501890118412
799,884.8598806248478
800,884.567878822267
801,884.2743018577148
802,883.9792652593189
803,883.6828817240466
804,883.3852610311164
805,883.0865099718663
806,882.7867322934931
807,882.4860286548368
808,882.1844965935073
809,881.8822305047092
810,881.5793216329059
811,881.2758580779562
812,880.9719248175171
813,880.6676037472836
814,880.3629737401363
815,880.0581107246695
816,879.7530877829045
817,879.4479752662293
818,879.1428409278337
819,878.8377500693747
820,878.5327656993788
821,878.2279487006866
822,877.9233580037293
823,877.6190507616591
824,877.3150825227641
825,877.011507395518
826,876.7083782018841
827,876.4057466147613
828,876.1036632756005
829,875.8021778884697
830,875.5013392873885
831,875.2011954745193
832,874.9017936275873
833,874.6031800756396
834,874.3054002429736
835,874.0084985618213
836,873.7125183551883
837,873.4175016920578
838,873.1234892178085
839,872.8305199630618
840,872.5386311343252
841,872.2478578899289
842,871.9582331050465
843,871.6697871298834
844,871.3825475452153
845,871.0965389194255
846,870.81178257122
847,870.5282963421989
848,870.2460943831461
849,869.9651869572666
850,869.6855802629791
851,869.4072762784838
852,869.1302726299331
853,868.8545624843414
854,868.5801344675347
855,868.3069726069537
856,868.0350562993582
857,867.7643603043535
858,867.4948547656412
859,867.2265052623588
860,866.9592728926239
861,866.6931143907647
862,866.4279822790627
863,866.1638250540785
864,865.900587406542
865,865.6382104724687
866,865.3766321122221
867,865.1157872141163
868,864.8556080196572
869,864.5960244681041
870,864.3369645584472
871,864.0783547271541
872,863.8201202403021
873,863.5621855989966
874,863.3044749570755
875,863.0469125498172
876,862.7894231319024
877,862.5319324226768
878,862.2743675570721
879,862.0166575412921
880,861.758733713352
881,861.5005302095869
882,861.2419844391198
883,860.9830375687677
884,860.7236350208938
885,860.4637269862297
886,860.2032689526931
887,859.9422222498754
888,859.6805546075957
889,859.418240725999
890,859.1552628540933
891,858.8916113731807
892,858.6272853813422
893,858.3622932749964
894,858.0966533233967
895,857.8303942314784
896,857.5635556858768
897,857.2961888787529
898,857.0283570046446
899,856.7601357266161
900,856.4916136089635
901,856.2228925144371
902,855.9540879644504
903,855.6853294612379
904,855.4167607713532
905,855.1485401701759
906,854.8808406471514
907,854.613850071286
908,854.3477713159722
909,854.0828223417698
910,853.8192362354885
911,853.5572612038134
912,853.2971605196609
913,853.0392124193555
914,852.7837099486346
915,852.5309607554095
916,852.2812868271188
917,852.0350241704507
918,851.7925224313879
919,851.5541444540323
920,851.3202657772811
921,851.0912740688528
922,850.8675684963946
923,850.6495590357292
924,850.4376657169097
925,850.2323178093751
926,850.0339529477917
927,849.8430162001259
928,849.6599590794584
929,849.4852385013218
930,849.3193156889253
931,849.1626550292276
932,849.0157228832627
933,848.8789863545409
934,848.7529120199092
935,848.6379646278781
936,848.534605769865
937,848.4432925299951
938,848.3644761191744
939,848.2986004992699
940,848.2461010034566
941,848.2074029590095
942,848.1829203188519
943,848.1730543079588
944,848.1781920904662
945,848.1987054631724
946,848.2349495809566
947,848.2872617193681
948,848.3559600792397
949,848.4413426375731
950,848.5436860479894
951,848.663244592799
952,848.8002491877099
953,848.9549064399466
954,849.1273977611911
955,849.3178785377914
956,849.5264773614705
957,849.7532953241199
958,849.9984053804149
959,850.2618517822038
960,850.5436495888262
961,850.843784257438
962,851.1622113170775
963,851.4988561298443
964,851.8536137423805
965,852.2263488305597
966,852.61689573948
967,853.0250586195643
968,853.4506116582161
969,853.8932994054214
970,854.352837190817
971,854.8289116288998
972,855.3211812083781
973,855.8292769613352
974,856.3528032079024
975,856.8913383723047
976,857.4444358662923
977,858.0116250360245
978,858.5924121683015
979,859.1862815516187
980,859.7926965870176
981,860.4111009434581
982,861.0409197526509
983,861.6815608389974
984,862.3324159811704
985,862.9928622025096
986,863.662263087673
987,864.3399701231073
988,865.0253240590197
989,865.717656290582
990,866.4162902560196
991,867.1205428490898
992,867.8297258432311
993,868.5431473242156
994,869.2601131274528
995,869.9799282754332
996,870.7018984104423
997,871.4253312175938
998,872.1495378330945
999,872.8738342322508
1000,873.5975425911104
1001,874.3199926151949
1002,875.0405228290459
1003,875.7584818213033
1004,876.4732294411721
1005,877.1841379429042
1006,877.8905930753766
1007,878.5919951142054
1008,879.2877598341721
1009,879.9773194201115
1010,880.6601233148748
1011,881.3356390034754
1012,882.0033527328957
1013,882.6627701673129
1014,883.3134169788241
1015,883.9548393743013
1016,884.5866045598434
1017,885.2083011452175
1018,885.8195394913141
1019,886.41995200362
1020,887.0091933739992
1021,887.5869407719978
1022,888.1528939859754
1023,888.7067755139979
1024,889.2483306046103
1025,889.7773272480531
1026,890.2935561188342
1027,890.7968304706866
1028,891.286985984942
1029,891.7638805735061
1030,892.2273941379917
1031,892.6774282869006
1032,893.1139060127488
1033,893.5367713306961
1034,893.9459888796912
1035,894.3415434865187
1036,894.7234396926132
1037,895.0917012432999
1038,895.4463705393554
1039,895.7875080513014
1040,896.1151916974911
1041,896.4295161876204
1042,896.7305923336307
1043,897.0185463299987
1044,897.2935190053528
1045,897.5556650474464
1046,897.8051522037023
1047,898.0421604596214
1048,898.2668811971579
1049,898.4795163347109
1050,898.6802774497993
1051,898.8693848848935
1052,899.0470668364156
1053,899.2135584267919
1054,899.3691007597744
1055,899.5139399600948
1056,899.6483261997026
1057,899.7725127139744
1058,899.8867548119151
1059,899.9913088844447
1060,900.086431414737
1061,900.1723779947025
1062,900.2494023522765
1063,900.3177553950031
1064,900.3776842759764
1065,900.4294314881157
1066,900.4732339920861
1067,900.5093223822952
1068,900.5379200945296
1069,900.559242658078
1070,900.573496994671
1071,900.5808807662683
1072,900.5815817736826
1073,900.5757774082659
1074,900.5636341592135
1075,900.5453071791162
1076,900.5209399100763
1077,900.4906637722986
1078,900.4545979168895
1079,900.4128490445731
1080,900.3655112918696
1081,900.3126661857056
1082,900.2543826664912
1083,900.1907171787534
1084,900.1217138278881
1085,900.0474046015358
1086,899.9678096541338
1087,899.8829376529666
1088,899.7927861835778
1089,899.6973422121233
1090,899.5965826023067
1091,899.4904746847626
1092,899.3789768769424
1093,899.2620393516303
1094,899.1396047521089
1095,899.0116089516077
1096,898.8779818539876
1097,898.738648231734
1098,898.5935285963693
1099,898.442540095489
1100,898.2855974300061
1101,898.122613784996
1102,897.9535017677122
1103,897.7781743466144
1104,897.596545785434
1105,897.4085325663709
1106,897.2140542966215
1107,897.0130345926317
1108,896.8054019368287
1109,896.5910905020709
1110,896.3700409395207
1111,896.142201126015
1112,895.9075268674543
1113,895.6659825553654
1114,895.4175417744231
1115,895.1621878590483
1116,894.8999143972613
1117,894.6307256800012
1118,894.354637094285
1119,894.0716754588025
1120,893.7818793007891
1121,893.4852990733489
1122,893.1819973128671
1123,892.8720487366414
1124,892.555540281201
1125,892.232571081889
1126,891.9032523942277
1127,891.5677074574847
1128,891.2260713007721
1129,890.8784904919129
1130,890.5251228292705
1131,890.166136977051
1132,889.8017120456265
1133,889.4320371200989
1134,889.0573107419552
1135,888.6777403495925
1136,888.293541683768
1137,887.9049381640353
1138,887.5121602421395
1139,887.1154447379603
1140,886.7150341628384
1141,886.3111760342381
1142,885.9041221849027
1143,885.4941280689245
1144,885.0814520664869
1145,884.6663547886579
1146,884.2490983836916
1147,883.8299458466067
1148,883.4091603340754
1149,882.9870044867064
1150,882.5637397607413
1151,882.1396257711332
1152,881.7149196480419
1153,881.2898754089373
1154,880.8647433486353
1155,880.4397694496321
1156,880.0151948151282
1157,879.5912551272532
1158,879.1681801330459
1159,878.7461931605319
1160,878.3255106667784
1161,877.9063418192213
1162,877.4888881109536
1163,877.0733430101157
1164,876.6598916432407
1165,876.2487105125788
1166,875.8399672479412
1167,875.4338203941029
1168,875.030419234997
1169,874.6299036558738
1170,874.2324040443768
1171,873.8380412312553
1172,873.446926471326
1173,873.0591614653542
1174,872.6748384235844
1175,872.2940401715455
1176,871.9168402985293
1177,871.5433033491246
1178,871.1734850585021
1179,870.8074326324646
1180,870.445185073152
1181,870.0867735507214
1182,869.7322218205866
1183,869.3815466850482
1184,869.0347584973182
1185,868.6918617051318
1186,868.3528554306084
1187,868.0177340828412
1188,867.6864879996638
1189,867.359104115057
1190,867.0355666487412
1191,866.7158578146115
1192,866.3999585446711
1193,866.0878492248154
1194,865.7795104381958
1195,865.4749237110302
1196,865.1740722547503
1197,864.876941697458
1198,864.5835207970388
1199,864.2938021282457
1200,864.0077827367752
1201,863.7254647544737
1202,863.4468559709018
1203,863.1719703573709
1204,862.9008285404053
1205,862.6334582224379
1206,862.3698945482067
1207,862.1101804155195
1208,861.8543667289134
1209,861.6025125945578
1210,861.3546854545547
1211,861.1109611584928
1212,860.8714239697035
1213,860.6361665034052
1214,860.4052895940374
1215,860.178902089661
1216,859.9571205722491
1217,859.7400690038321
1218,859.5278782995921
1219,859.3206858299563
1220,859.1186348544744
1221,858.9218738909028
1222,858.7305560235006
1223,858.5448381549452
1224,858.3648802065097
1225,858.1908442713634
1226,858.0228937261036
1227,857.8611923058145
1228,857.7059031480703
1229,857.5571878114117
1230,857.4152052738795
1231,857.2801109170301
1232,857.1520555005385
1233,857.0311841323067
1234,856.9176352391786
1235,856.8115395438509
1236,856.7130190541395
1237,856.6221860712196
1238,856.539142223805
1239,856.4639775355114
1240,856.3967695328155
1241,856.3375824010095
1242,856.2864661952791
1243,856.2434561135425
1244,856.2085718370296
1245,856.1818169439447
1246,856.1631784011836
1247,856.1526261390289
1248,856.1501127137526
1249,856.1555730627765
1250,856.1689243564076
1251,856.1900659494182
1252,856.2188794350944
1253,856.2552288036927
1254,856.2989607062709
1255,856.3499048235193
1256,856.4078743377036
1257,856.4726665044192
1258,856.5440633197338
1259,856.6218322775247
1260,856.7057272113436
1261,856.7954892149105
1262,856.8908476353267
1263,856.9915211332319
1264,857.097218804179
1265,857.2076413552933
1266,857.3224823307397
1267,857.441429378744
1268,857.5641655519743
1269,857.6903706320651
1270,857.8197224683438
1271,857.9518983207998
1272,858.0865761980311
1273,858.2234361817757
1274,858.3621617302497
1275,858.5024409528717
1276,858.6439678492671
1277,858.7864435058324
1278,858.9295772436276
1279,859.0730877119255
1280,859.2167039220884
1281,859.3601662163585
1282,859.5032271658337
1283,859.6456523919009
1284,859.7872213060031
1285,859.9277277636324
1286,860.0669806294432
1287,860.2048042511657
1288,860.3410388407355
1289,860.4755407620194
1290,860.6081827259252
1291,860.7388538953463
1292,860.867459903776
1293,860.9939227921111
1294,861.1181808683413
1295,861.2401884948922
1296,861.3599158084517
1297,861.4773483769619
1298,861.5924867981422
1299,861.7053462437148
1300,861.8159559536662
1301,861.9243586852347
1302,862.0306101214483
1303,862.1347782437607
1304,862.2369426728023
1305,862.3371939807221
1306,862.4356329780419
1307,862.5323699772964
1308,862.6275240350806
1309,862.721222173781
1310,862.8135985843954
1311,862.9047938122646
1312,862.9949539279995
1313,863.0842296863237
1314,863.1727756761461
1315,863.260749465974
1316,863.3483107496753
1317,863.4356204983374
1318,863.5228401242991
1319,863.610130663437
1320,863.697651981763
1321,863.785562012413
1322,863.8740160289498
1323,863.9631659604341
1324,864.0531597529953
1325,864.1441407817277
1326,864.2362473157838
1327,864.3296120386107
1328,864.4243616244839
1329,864.5206163717666
1330,864.6184898925889
1331,864.718088857871
1332,864.8195127958422
1333,864.9228539415699
1334,865.0281971345142
1335,865.135619760729
1336,865.2451917359307
1337,865.3569755252905
1338,865.4710261955473
1339,865.5873914949983
1340,865.706111957157
1341,865.8272210244373
1342,865.9507451890803
1343,866.0767041494929
1344,866.2051109810319
1345,866.3359723209225
1346,866.4692885674312
1347,866.605054093629
1348,866.7432574761098
1349,866.8838817388075
1350,867.0269046114976
1351,867.1722988017696
1352,867.3200322785419
1353,867.4700685647354
1354,867.6223670364627
1355,867.7768832258969
1356,867.9335691247986
1357,868.0923734854741
1358,868.2532421157356
1359,868.4161181644114
1360,868.5809423942675
1361,868.7476534399187
1362,868.9161880492484
1363,869.0864813076037
1364,869.2584668443816
1365,869.4320770218532
1366,869.6072431065987
1367,869.7838954247708
1368,869.9619635032252
1369,870.1413761990406
1370,870.3220618200603
1371,870.5039482389678
1372,870.686963003058
1373,870.8710334412148
1374,871.056086768685
1375,871.2420501892828
1376,871.4288509938696
1377,871.6164166534433
1378,871.8046749051061
1379,871.9935538296862
1380,872.1829819207793
1381,872.3728881459317
1382,872.5632020011356
1383,872.7538535596655
1384,872.9447735157429
1385,873.1358932226954
1386,873.3271447241718
1387,873.5184607758051
1388,873.7097748540139
1389,873.9010211488655
1390,874.0921345389789
1391,874.2830505477646
1392,874.473705281369
1393,874.6640353492395
1394,874.853977768394
1395,875.0434698526238
1396,875.232449088225
1397,875.4208529982933
1398,875.6086189977857
1399,875.7956842414002
1400,875.9819854661893
1401,876.167458831051
1402,876.3520397558157
1403,876.5356627631237
1404,876.7182613262527
1405,876.8997677255279
1406,877.0801129154136
1407,877.2592264040998
1408,877.4370361472294
1409,877.6134684570424
1410,877.7884479275859
1411,877.9618973759486
1412,878.1337377990043
1413,878.3038883450366
1414,878.4722662997896
1415,878.6387870867213
1416,878.803364281285
1417,878.9659096387951
1418,879.1263331349306
1419,879.2845430173855
1420,879.4404458667603
1421,879.5939466645058
1422,879.7449488654553
1423,879.893354472191
1424,880.0390641084186
1425,880.1819770890305
1426,880.3219914856021
1427,880.4590041873279
1428,880.5929109585314
1429,880.7236064948042
1430,880.8509844805094
1431,880.9749376508205
1432,881.0953578615978
1433,881.212136170095
1434,881.3251629285726
1435,881.4343278914633
1436,881.5395203352276
1437,881.6406291888443
1438,881.7375431722115
1439,881.8301509395758
1440,881.918341225345
1441,882.0020029900925
1442,882.081025565105
1443,882.1552987943886
1444,882.2247131735246
1445,882.2891599851271
1446,882.3485314309341
1447,882.4027207607503
1448,882.4516223983694
1449,882.4951320643278
1450,882.5331468951207
1451,882.5655655585855
1452,882.592288365409
1453,882.6132173770234
1454,882.6282565104477
1455,882.6373116408755
1456,882.6402907028962
1457,882.6371037910214
1458,882.6276632596146
1459,882.6118838216071
1460,882.5896826448743
1461,882.5609794450716
1462,882.5256965742016
1463,882.4837591051075
1464,882.4350949131172
1465,882.379634756781
1466,882.317312359878
1467,882.2480644968442
1468,882.1718310837471
1469,882.0885552769182
1470,881.9981835813678
1471,881.9006659712329
1472,881.795956024775
1473,881.6840110765462
1474,881.5647923890057
1475,881.4382653452146
1476,881.3043996634896
1477,881.1631696340891
1478,881.0145543771448
1479,880.8585381204297
1480,880.6951104955141
1481,880.5242668513276
1482,880.3460085846364
1483,880.1603434870462
1484,879.9672861076989
1485,879.7668581298285
1486,879.5590887579787
1487,879.3440151113804
1488,879.1216826182258
1489,878.8921454054671
1490,878.6554666791001
1491,878.4117190903324
1492,878.1609850832737
1493,877.9033572196951
1494,877.6389384761503
1495,877.3678425086786
1496,877.0901938807291
1497,876.8061282507905
1498,876.51579251716
1499,876.2193449181447
1500,875.9169550867457
1501,875.6088040594813
1502,875.2950842392711
1503,874.9759993123428
1504,874.6517641194043
1505,874.3226044820767
1506,873.9887569864234
1507,873.6504687259041
1508,873.3079970062007
1509,872.961609014358
1510,872.6115814546623
1511,872.2582001535516
1512,871.9017596355699
1513,871.5425626719365
1514,871.1809198027854
1515,870.8171488337407
1516,870.4515743074711
1517,870.0845269511291
1518,869.7163431006408
1519,869.3473641022307
1520,868.9779356904622
1521,868.6084073410244
1522,868.2391315959956
1523,867.8704633594391
1524,867.5027591617196
1525,867.1363763917321
1526,866.7716724973001
1527,866.4090041553234
1528,866.0487264147671
1529,865.691191817
1530,865.3367494989606
1531,864.9857442849649
1532,864.6385157728162
1533,864.2953974195284
1534,863.9567156316731
1535,863.6227888652545
1536,863.2939267402018
1537,862.9704291749407
1538,862.6525855467803
1539,862.3406738837446
1540,862.0349600930275
1541,861.735697230597
1542,861.4431248158155
1543,861.1574681945191
1544,860.8789379539055
1545,860.6077293925847
1546,860.3440220487722
1547,860.0879792887526
1548,859.8397479566232
1549,859.5994580851078
1550,859.3672226659396
1551,859.1431374772304
1552,858.9272809646824
1553,858.719714173386
1554,858.5204807270012
1555,858.3296068512594
1556,858.1471014390763
1557,857.9729561551162
1558,857.8071455781982
1559,857.6496273803464
1560,857.5003425417005
1561,857.3592156010727
1562,857.2261549425483
1563,857.1010531188516
1564,856.9837872122087
1565,856.874219233545
1566,856.7721965613457
1567,856.6775524221758
1568,856.5901064152802
1569,856.5096650837044
1570,856.4360225341238
1571,856.3689611072095
1572,856.308252099769
1573,856.2536565389446
1574,856.2049260074958
1575,856.1618035178938
1576,856.1240244317412
1577,856.0913174198917
1578,856.0634054575949
1579,856.0400068481568
1580,856.0208362680465
1581,856.0056058260581
1582,855.9940261289424
1583,855.985807345803
1584,855.980660263456
1585,855.9782973248588
1586,855.9784336427807
1587,855.9807879814819
1588,855.9850837004262
1589,855.9910496556818
1590,855.9984210560347
1591,856.0069402714563
1592,856.0163575914543
1593,856.0264319306259
1594,856.0369314790637
1595,856.0476342963645
1596,856.0583288494598
1597,856.0688144957511
1598,856.0789019137444
1599,856.0884134835136
1600,856.097183619068
1601,856.1050590543041
1602,856.1118990839728
1603,856.117575761262
1604,856.121974054037
1605,856.1249919620162
1606,856.1265405968131
1607,856.1265442261603
1608,856.1249402832383
1609,856.1216793419721
1610,856.1167250590813
1611,856.1100540834124
1612,856.1016559327439
1613,856.0915328379982
1614,856.0796995548325
1615,856.0661831431581
1616,856.051022716146
1617,856.034269161077
1618,856.0159848345727
1619,855.9962432344646
1620,855.9751286503749
1621,855.952735795199
1622,855.9291694197278
1623,855.904543912242
1624,855.878982884232
1625,855.8526187429314
1626,855.8255922512008
1627,855.7980520750641
1628,855.770154318668
1629,855.7420620458873
1630,855.7139447876522
1631,855.6859780342165
1632,855.6583427116096
1633,855.631224641245
1634,855.6048139814108
1635,855.5793046494009
1636,855.5548937233532
1637,855.5317808233673
1638,855.5101674722499
1639,855.4902564372719
1640,855.4722510555027
1641,855.4563545463965
1642,855.4427693161215
1643,855.4316962585565
1644,855.4233340580388
1645,855.4178784990626
1646,855.4155217882895
1647,855.4164518942048
1648,855.4208519092157
1649,855.4288994377849
1650,855.4407660127121
1651,855.456616540646
1652,855.4766087776744
1653,855.5008928360932
1654,855.5296107237995
1655,855.5628959180628
1656,855.6008729757016
1657,855.6436571817362
1658,855.6913542382149
1659,855.7440599942389
1660,855.8018602176079
1661,855.8648304082461
1662,855.9330356536699
1663,856.0065305270072
1664,856.0853590283066
1665,856.1695545700616
1666,856.2591400080818
1667,856.3541277189755
1668,856.4545197253141
1669,856.5603078686963
1670,856.6714740292821
1671,856.7879903883185
1672,856.9098197285018
1673,857.0369157662255
1674,857.1692235097099
1675,857.3066796371213
1676,857.4492128887761
1677,857.5967444674964
1678,857.7491884413294
1679,857.9064521432111
1680,858.0684365626045
1681,858.2350367245643
1682,858.4061420520779
1683,858.5816367078877
1684,858.7613999123207
1685,858.9453062339734
1686,859.1332258505946
1687,859.3250247783023
1688,859.5205650683167
1689,859.7197049714374
1690,859.9222990713054
1691,860.1281983880601
1692,860.3372504545177
1693,860.5492993675383
1694,860.7641858176802
1695,860.981747100411
1696,861.2018171121761
1697,861.4242263346881
1698,861.6488018108918
1699,861.8753671161021
1700,862.1037423278411
1701,862.3337439979713
1702,862.565185130834
1703,862.7978751711169
1704,863.031620004879
1705,863.2662219764571
1706,863.5014799229932
1707,863.7371892273853
1708,863.9731418899013
1709,864.2091266186588
1710,864.4449289395634
1711,864.6803313267455
1712,864.9151133547846
1713,865.1490518740053
1714,865.3819212100375
1715,865.613493388754
1716,865.8435383876086
1717,866.0718244140547
1718,866.2981182109912
1719,866.5221853881694
1720,866.743790777476
1721,866.9626988091743
1722,867.1786739056511
1723,867.3914808890696
1724,867.6008853996915
1725,867.8066543224062
1726,868.0085562199879
1727,868.2063617724806
1728,868.3998442227337
1729,868.5887798283704
1730,868.7729483204009
1731,868.9521333684245
1732,869.1261230520751
1733,869.294710338103
1734,869.4576935623647
1735,869.6148769162419
1736,869.7660709375914
1737,869.9110930066603
1738,870.0497678469458
1739,870.1819280297617
1740,870.3074144797439
1741,870.4260769771034
1742,870.5377746514004
1743,870.6423764610834
1744,870.7397616530299
1745,870.8298201966395
1746,870.9124531874896
1747,870.9875732161038
1748,871.0551046980532
1749,871.1149841623946
1750,871.1671604961242
1751,871.2115951427293
1752,871.2482622531876
1753,871.2771487881819
1754,871.2982545708703
1755,871.311592290013
1756,871.317187453352
1757,871.315078290957
1758,871.305315608066
1759,871.2879625870892
1760,871.2630945390417
1761,871.2307986056509
1762,871.1911734144123
1763,871.1443286894954
1764,871.0903848214498
1765,871.0294723985046
1766,870.96173170225
1767,870.887312170761
1768,870.8063718327276
1769,870.7190767168659
1770,870.6256002416333
1771,870.5261225905884
1772,870.4208300783922
1773,870.3099145116392
1774,870.19357254792
1775,870.0720050560559
1776,869.9454164804085
1777,869.8140142124267
1778,869.6780079728644
1779,869.5376092079983
1780,869.3930305025036
1781,869.244485010487
1782,869.0921859047863
1783,868.9363458434412
1784,868.7771764515487
1785,868.6148878166845
1786,868.4496879965587
1787,868.2817825382313
1788,868.1113740086988
1789,867.9386615370152
1790,867.7638403685387
1791,867.5871014324534
1792,867.4086309242107
1793,867.2286099047723
1794,867.0472139184618
1795,866.8646126308743
1796,866.6809694876923
1797,866.4964413944729
1798,866.3111784167263
1799,866.1253234991741
1800,865.9390122030212
1801,865.7523724602647
1802,865.5655243444374
1803,865.3785798579065
1804,865.1916427368784
1805,865.0048082762215
1806,864.8181631765938
1807,864.6317854161038
1808,864.445744148176
1809,864.2600996267065
1810,864.0749031589858
1811,863.8901970861966
1812,863.7060147907048
1813,863.5223807290156
1814,863.3393104891277
1815,863.156810870922
1816,862.9748799880273
1817,862.7935073892264
1818,862.6126741970343
1819,862.4323532608712
1820,862.2525093225191
1821,862.073099192202
1822,861.8940719342569
1823,861.7153690615506
1824,861.5369247376303
1825,861.3586659855225
1826,861.1805129023846
1827,861.0023788797694
1828,860.8241708297372
1829,860.645789417063
1830,860.4671292972847
1831,860.2880793596752
1832,860.1085229737167
1833,859.9283382373336
1834,859.7473982249269
1835,859.5655712333154
1836,859.3827210241755
1837,859.1987070622757
1838,859.0133847492729
1839,858.8266056529307
1840,858.6382177315097
1841,858.448065552948
1842,858.2559905083472
1843,858.0618310192884
1844,857.8654227387049
1845,857.6665987453995
1846,857.4651897326776
1847,857.2610241919178
1848,857.0539285922937
1849,856.8437275582896
1850,856.6302440469948
1851,856.4132995272612
1852,856.1927141625907
1853,855.9683069990305
1854,855.739896158415
1855,855.5072990363212
1856,855.2703325035907
1857,855.0288131103875
1858,854.7825572921956
1859,854.531381577597
1860,854.2751027979351
1861,854.0135382989467
1862,853.7465061542805
1863,853.473825380817
1864,853.195316155978
1865,852.9108000375712
1866,852.6201001871145
1867,852.3230415981275
1868,852.0194513313021
1869,851.7091587583782
1870,851.3919958159095
1871,851.0677972692617
1872,850.7364009864178
1873,850.3976482206697
1874,850.0513839011315
1875,849.6974569299967
1876,849.3357204851259
1877,848.966032325774
1878,848.5882550984351
1879,848.202256639341
1880,847.8079102701788
1881,847.405095083926
1882,846.9936962181646
1883,846.5736051137732
1884,846.1447197574225
1885,845.706944906734
1886,845.2601922972821
1887,844.8043808309471
1888,844.3394367455453
1889,843.8652937661177
1890,843.3818932384949
1891,842.8891842456063
1892,842.3871237066344
1893,841.8756764588381
1894,841.3548153220157
1895,840.8245211461488
1896,840.2847828435563
1897,839.7355974075622
1898,839.1769699200493
1899,838.6089135501225
1900,838.0314495454458
1901,837.4446072169796
1902,836.8484239172412
1903,836.2429450119076
1904,835.6282238443662
1905,835.0043216925588
1906,834.3713077172363
1907,833.7292589005284
1908,833.0782599734745
1909,832.4184033308094
1910,831.7497889309292
1911,831.0725241786441
1912,830.3867237880775
1913,829.6925096228631
1914,828.9900105106873
1915,828.2793620292888
1916,827.5607062613099
1917,826.8341915158242
1918,826.0999720150046
1919,825.3582075452543
1920,824.6090630731537
1921,823.8527083275781
1922,823.0893173501349
1923,822.3190680164395
1924,821.5421415306274
1925,820.7587218951588
1926,819.9689953578292
1927,819.1731498382568
1928,818.371374336952
1929,817.5638583312998
1930,816.7507911640935
1931,815.9323614312066
1932,815.1087563753741
1933,814.280161293143
1934,813.4467589621665
1935,812.6087290961951
1936,811.7662478350728
1937,810.9194872764907
1938,810.068615055072
1939,809.2137939728376
1940,808.355181683535
1941,807.4929304319064
1942,806.6271868478138
1943,805.7580917943261
1944,804.8857802684294
1945,804.0103813527918
1946,803.1320182166837
1947,802.2508081634675
1948,801.3668627211543
1949,800.4802877717489
1950,799.591183714671
1951,798.6996456593947
1952,797.8057636425282
1953,796.9096228649214
1954,796.0113039448424
1955,795.1108831834797
1956,794.2084328389948
1957,793.3040214055754
1958,792.3977138947703
1959,791.4895721175649
1960,790.5796549665313
1961,789.668018697536
1962,788.7547172100047
1963,787.839802324053
1964,786.923324052331
1965,786.0053308644557
1966,785.0858699424848
1967,784.164987426926
1968,783.2427286539202
1969,782.3191383850691
1970,781.3942610316852
1971,780.4681408751549
1972,779.5408222848723
1973,778.612349934801
1974,777.6827690190762
1975,776.752125466377
1976,775.8204661524993
1977,774.8878391107029
1978,773.9542937395703
1979,773.0198810078596
1980,772.0846536551998
1981,771.1486663868528
1982,770.2119760605527
1983,769.2746418638366
1984,768.336725481088
1985,767.3982912501622
1986,766.4594063086328
1987,765.5201407295737
1988,764.5805676466837
1989,763.6407633685318
1990,762.7008074815508
1991,761.7607829410548
1992,760.8207761491394
1993,759.8808770180821
1994,758.9411790179512
1995,758.00177920748
1996,757.0627782476242
1997,756.1242803973737
1998,755.1863934912618
1999,754.2492288977088
2000,753.3129014569737
2001,752.3775293972865
2002,751.4432342278276
2003,750.5101406074177
2004,749.5783761876562
2005,748.6480714286295
2006,747.7193593844395
2007,746.7923754550931
2008,745.8672571010361
2009,744.9441435168955
2010,744.0231752617138
2011,743.1044938440183
2012,742.1882412612788
2013,741.2745594946324
2014,740.3635899612187
2015,739.4554729280648
2016,738.5503468928549
2017,737.6483479376537
2018,736.7496090614413
2019,735.8542594964398
2020,734.9624240122089
2021,734.074222210795
2022,733.1897678159448
2023,732.3091679595531
2024,731.4325224690178
2025,730.5599231597654
2026,729.6914531375584
2027,728.8271861152426
2028,727.9671857484351
2029,727.1115049944077
2030,726.2601854980745
2031,725.4132570086796
2032,724.5707368306877
2033,723.7326293125444
2034,722.8989253773509
2035,722.0696021000416
2036,721.2446223361893
2037,720.4239344077745
2038,719.6074718510167
2039,718.7951532308116
2040,717.9868820256165
2041,717.1825465858665
2042,716.3820201682407
2043,715.5851610473615
2044,714.7918127057277
2045,714.0018041018047
2046,713.214950015291
2047,712.4310514678681
2048,711.6498962173076
2049,710.8712593224593
2050,710.0949037760882
2051,709.3205812016515
2052,708.5480326090818
2053,707.7769892037887
2054,707.0071732426661
2055,706.238298930977
2056,705.47007335444
2057,704.7021974414254
2058,703.9343669507199
2059,703.1662734807921
2060,702.3976054967936
2061,701.6280493715216
2062,700.8572904361541
2063,700.0850140358978
2064,699.3109065850257
2065,698.5346566153476
2066,697.7559558120005
2067,696.9745000305727
2068,696.189990289853
2069,695.4021337347775
2070,694.6106445643615
2071,693.8152449195923
2072,693.0156657264862
2073,692.2116474898089
2074,691.4029410334691
2075,690.5893081844875
2076,689.7705223986623
2077,688.9463693271673
2078,688.1166473239703
2079,687.2811678942221
2080,686.4397560839321
2081,685.5922508115432
2082,684.7385051425827
2083,683.8783865092852
2084,683.011776877656
2085,682.1385728645948
2086,681.2586858074995
2087,680.3720417885193
2088,679.478581615557
2089,678.5782607622407
2090,677.671049269283
2091,676.756931609848
2092,675.8359065216574
2093,674.9079868085737
2094,673.9731991143219
2095,673.0315836709223
2096,672.0831940243011
2097,671.1280967393441
2098,670.1663710862381
2099,669.1981087092847
2100,668.2234132785438
2101,667.2424001238631
2102,666.2551958502464
2103,665.2619379333498
2104,664.2627742942951
2105,663.2578628537457
2106,662.2473710658737
2107,661.2314754332389
2108,660.210361003639
2109,659.1842208497723
2110,658.1532555322218
2111,657.1176725460966
2112,656.0776857518002
2113,655.0335147909549
2114,653.9853844894487
2115,652.9335242506385
2116,651.8781674425456
2117,650.8195507832353
2118,649.7579137285386
2119,648.6934978660655
2120,647.6265463192257
2121,646.557303164876
2122,645.4860128683972
2123,644.4129197404403
2124,643.3382674199925
2125,642.2622983883441
2126,641.1852535178282
2127,640.1073716580659
2128,639.0288892612464
2129,637.9500400469499
2130,636.8710547062573
2131,635.7921606444128
2132,634.7135817611864
2133,633.6355382683564
2134,632.5582465442558
2135,631.4819190257266
2136,630.4067641377466
2137,629.3329862605153
2138,628.2607857332866
2139,627.1903588938907
2140,626.1218981525211
2141,625.0555920977092
2142,623.9916256314635
2143,622.9301801294308
2144,621.8714336207734
2145,620.8155609813915
2146,619.7627341333351
2147,618.7131222428702
2148,617.6668919097083
2149,616.6242073402193
2150,615.5852304979314
2151,614.5501212252699
2152,613.5190373314025
2153,612.4921346421885
2154,611.4695670092926
2155,610.4514862762353
2156,609.4380421994935
2157,608.429382323081
2158,607.4256518055519
2159,606.426993199
2160,605.4335461800961
2161,604.4454472334752
2162,603.4628292881412
2163,602.4858213082128
2164,601.5145478401608
2165,600.5491285194196
2166,599.5896775399609
2167,598.6363030912778
2168,597.6891067682416
2169,596.7481829601721
2170,595.8136182260057
2171,594.8854906626378
2172,593.9638692733777
2173,593.0488133430116
2174,592.1403718252251
2175,591.2385827470524
2176,590.3434726338082
2177,589.4550559570737
2178,588.5733346080781
2179,587.6982973990052
2180,586.8299195948155
2181,585.9681624779274
2182,585.112972947856
2183,584.2642831579733
2184,583.422010191972
2185,582.5860557832547
2186,581.7563060812693
2187,580.9326314695788
2188,580.1148864409118
2189,579.3029095344616
2190,578.4965233403566
2191,577.6955345756814
2192,576.8997342358069
2193,576.108897824118
2194,575.322785662461
2195,574.5411432837891
2196,573.7637019076748
2197,572.990178998538
2198,572.2202789055613
2199,571.4536935824589
2200,570.6901033847777
2201,569.9291779421579
2202,569.1705771025996
2203,568.4139519449391
2204,567.6589458544885
2205,566.9051956554235
2206,566.1523327922706
2207,565.3999845518335
2208,564.6477753161795
2209,563.8953278370567
2210,563.1422645223831
2211,562.3882087259817
2212,561.6327860321944
2213,560.8756255272347
2214,560.1163610492365
2215,559.3546324090166
2216,558.5900865736095
2217,557.8223788048233
2218,557.0511737457072
2219,556.2761464490634
2220,555.4969833437399
2221,554.7133831359286
2222,553.9250576437719
2223,553.1317325642204
2224,552.3331481714571
2225,551.5290599464327
2226,550.7192391372234
2227,549.9034732501915
2228,549.0815664723295
2229,548.25334002542
2230,547.4186324523859
2231,546.5772998355991
2232,545.7292159464733
2233,544.8742723257451
2234,544.0123782944283
2235,543.143460896403
2236,542.2674647748673
2237,541.3843519861372
2238,540.4941017551113
2239,539.5967101770095
2240,538.6921898700004
2241,537.7805695833961
2242,536.8618937662999
2243,535.936222101753
2244,535.0036290112998
2245,534.0642031344455
2246,533.1180467868735
2247,532.1652754006917
2248,531.2060169493053
2249,530.2404113587019
2250,529.2686099061292
2251,528.2907746066836
2252,527.3070775882791
2253,526.3177004556023
2254,525.322833643739
2255,524.3226757622285
2256,523.3174329305859
2257,522.3073181069158
2258,521.2925504119045
2259,520.2733544508404
2260,519.2499596362558
2261,518.2225995134764
2262,517.1915110911025
2263,516.1569341785284
2264,515.1191107332428
2265,514.0782842216072
2266,513.0346989975311
2267,511.98859970343074
2268,510.94023069715524
2269,509.8898355077703
2270,508.83765632274765
2271,507.7839335091818
2272,506.7289051716711
2273,505.67280674910313
2274,504.6158706518525
2275,503.55832594023695
2276,502.50039804478104
2277,501.44230852884704
2278,500.3842748942514
2279,499.3265104304865
2280,498.2692241081309
2281,497.2126205168482
2282,496.1568998478078
2283,495.10225791934056
2284,494.0488862434418
2285,492.99697212977645
2286,491.9466988232899
2287,490.89824567129295
2288,489.85178831596414
2289,488.8074989087572
2290,487.76554634415317
2291,486.72609651126106
2292,485.68931256266046
2293,484.6553552004279
2294,483.62438297938525
2295,482.5965526272974
2296,481.5720193812824
2297,480.55093733937326
2298,479.53345982613325
2299,478.5197397714745
2300,477.50993010225363
2301,476.50418414666956
2302,475.5026560518829
2303,474.5055012156295
2304,473.5128767328943
2305,472.5249418587677
2306,471.5418584882649
2307,470.5637916532615
2308,469.5909100360223
2309,468.6233864981398
2310,467.6613986229366
2311,466.7051292685822
2312,465.7547671286119
2313,464.81050729633847
2314,463.8725518296398
2315,462.94111031261656
2316,462.01640041070743
2317,461.09864841612927
2318,460.1880897809017
2319,459.28496963503653
2320,458.389543287649
2321,457.50207670875966
2322,456.6228469893931
2323,455.75214277732886
2324,454.89026468566016
2325,454.0375256712137
2326,453.19425137986974
2327,452.3607804559924
2328,451.5374648136065
2329,450.7246698675618
2330,449.92277472348695
2331,449.13217232570133
2332,448.35326956241
2333,447.5864873275595
2334,446.83226053865167
2335,446.09103810947346
2336,445.363282876064
2337,444.649471473543
2338,443.9500941609793
2339,443.26565459135725
2340,442.59666952379007
2341,441.9436684753522
2342,441.30719331026586
2343,440.68779776454943
2344,440.0860469044117
2345,439.50251651656123
2346,438.937792428256
2347,438.39246975452494
2348,437.8671520698318
2349,437.3624505017865
2350,436.8789827453562
2351,436.4173719971158
2352,435.9782458101564
2353,435.56223487126243
2354,435.16997170291245
2355,434.80208929352005
2356,434.4592196599403
2357,434.14199234647344
2358,433.8510328644334
2359,433.5869610760459
2360,433.3503895261919
2361,433.1419217252923
2362,432.96215038636126
2363,432.8116556190655
2364,432.69100308373095
2365,432.60074210866946
2366,432.54140377483327
2367,432.5134989725583
2368,432.5175164360787
2369,432.55392076256743
2370,432.6231504234725
2371,432.72561577662987
2372,432.8616970880295
2373,433.03174257245684
2374,433.23606646270116
2375,433.4749471175586
2376,433.7486251792538
2377,434.0573017910366
2378,434.40113688572256
2379,434.78024755622613
2380,435.1947065199451
2381,435.6445406899812
2382,436.1297298671001
2383,436.6502055665794
2384,437.20584999338143
2385,437.7964951774132
2386,438.4219222784027
2387,439.08186106770313
2388,439.77598959258415
2389,440.5039340274304
2390,441.2652687156534
2391,442.0595164057985
2392,442.88614868509325
2393,443.7445866134953
2394,444.6342015611143
2395,445.5543162514745
2396,446.50420601221845
2397,447.483100233605
2398,448.490184033703
2399,449.5246001274562
2400,450.5854508947542
2401,451.67180064060074
2402,452.78267803884575
2403,453.9170787497177
2404,455.07396820020807
2405,456.25228451496247
2406,457.4509415838147
2407,458.66883225067903
2408,459.9048316073829
2409,461.15780037533074
2410,462.4265883576484
2411,463.710037944563
2412,465.0069876551756
2413,466.3162756995617
2414,467.63674354618604
2415,468.9672394805848
2416,470.30662214174805
2417,471.6537640224979
2418,473.0075549196001
2419,474.3669053187119
2420,475.73074969885323
2421,477.098049741003
2422,478.4677974255051
2423,479.8390180029845
2424,481.21077282334284
2425,482.58216200725803
2426,483.95232694467023
2427,485.3204526052665
2428,486.685769647183
2429,488.0475563118471
2430,489.405140094593
2431,490.7578991820941
2432,492.1052636488677
2433,493.44671640637705
2434,494.7817938996561
2435,496.11008654786156
2436,497.43123892666284
2437,498.744949691906
2438,500.050971245579
2439,501.3491091469021
2440,502.63922127346757
2441,503.92121673959076
2442,505.1950545809492
2443,506.4607422158175
2444,507.7183336938326
2445,508.96792774368436
2446,510.2096656319438
2447,511.44372884662164
2448,512.6703366206954
2449,513.8897433121432
2450,515.1022356575658
2451,516.3081299162856
2452,517.5077689212826
2453,518.701519053011
2454,519.8897671524901
2455,521.0729173909829
2456,522.2513881145
2457,523.4256086818014
2458,524.5960163145946
2459,525.763052978531
2460,526.927162313332
2461,528.0887866296206
2462,529.248363988767
2463,530.4063253807427
2464,531.5630920140693
2465,532.7190727314211
2466,533.8746615639582
2467,535.0302354368459
2468,536.1861520377273
2469,537.3427478591486
2470,538.5003364249374
2471,539.6592067092026
2472,540.8196217551814
2473,541.9818174998582
2474,543.1460018092872
2475,544.312353728741
2476,545.4810229510267
2477,546.652129505567
2478,547.8257636702857
2479,549.0019861079412
2480,550.1808282280292
2481,551.3622927745618
2482,552.546354638985
2483,553.7329618962187
2484,554.9220370601956
2485,556.1134785533618
2486,557.3071623825381
2487,558.502944011579
2488,559.7006604196307
2489,560.9001323325633
2490,562.1011666142576
2491,563.3035588036952
2492,564.5070957830897
2493,565.7115585615875
2494,566.9167251583846
2495,568.1223735685076
2496,569.328284793913
2497,570.5342459218192
2498,571.7400532312549
2499,572.9455153079105
2500,574.1504561468823
2501,575.3547182229912
2502,576.5581655088115
2503,577.7606864209254
2504,578.9621966749504
2505,580.1626420297612
2506,581.3620009014115
2507,582.5602868277928
2508,583.7575507660462
2509,584.9538832061069
2510,586.1494160852268
2511,587.3443244895133
2512,588.5388281293142
2513,589.7331925759785
2514,590.9277302483666
2515,592.1228011383964
2516,593.3188132657524
2517,594.5162228527385
2518,595.7155342112047
2519,596.9172993345377
2520,598.1221171888723
2521,599.3306326991235
2522,600.5435354273119
2523,601.7615579429487
2524,602.9854738877468
2525,604.2160957393784
2526,605.4542722812243
2527,606.700885787063
2528,607.9568489315487
2529,609.2231014392463
2530,610.5006064868562
2531,611.7903468749954
2532,613.0933209876425
2533,614.4105385592806
2534,615.7430162717557
2535,617.0917732046086
2536,618.4578261639384
2537,619.8421849157598
2538,621.2458473504186
2539,622.6697946050857
2540,624.1149861717553
2541,625.5823550183559
2542,627.0728027503194
2543,628.5871948392866
2544,630.126355945079
2545,631.6910653570632
2546,633.2820525815926
2547,634.8999931029678
2548,636.5455043458323
2549,638.2191418667322
2550,639.9213958014343
2551,641.6526875925413
2552,643.4133670192496
2553,645.2037095482144
2554,647.0239140216938
2555,648.8741006965164
2556,650.7543096449034
2557,652.6644995257593
2558,654.6045467327928
2559,656.574244923743
2560,658.5733049328994
2561,660.6013550667117
2562,662.6579417795137
2563,664.7425307234604
2564,666.8545081640757
2565,668.9931827507459
2566,671.1577876302671
2567,673.347482890922
2568,675.5613583237835
2569,677.7984364865514
2570,680.0576760534113
2571,682.3379754327733
2572,684.6381766338332
2573,686.9570693626637
2574,689.2933953283831
2575,691.6458527393439
2576,694.0131009684346
2577,696.3937653661803
2578,698.7864422006628
2579,701.1897037039962
2580,703.6021032057163
2581,706.0221803337621
2582,708.4484662637798
2583,710.8794889972619
2584,713.3137786486514
2585,715.7498727212418
2586,718.1863213517038
2587,720.6216925032643
2588,723.0545770877255
2589,725.4835939966671
2590,727.907395022609
2591,730.3246696516916
2592,732.7341497101539
2593,735.1346138472097
2594,737.5248918369383
2595,739.9038686819307
2596,742.2704885017992
2597,744.6237581901455
2598,746.9627508241082
2599,749.2866088110679
2600,751.5945467572967
2601,753.885854043313
2602,756.1598970908784
2603,758.4161213072529
2604,760.6540526933364
2605,762.8732991032623
2606,765.0735511436922
2607,767.2545827017767
2608,769.4162510918943
2609,771.5584968130805
2610,773.6813429114345
2611,775.7848939444679
2612,777.869334547189
2613,779.9349276027078
2614,781.9820120231922
2615,784.0110001497338
2616,786.0223747817238
2617,788.0166858477476
2618,789.9945467312004
2619,791.9566302652556
2620,793.903664413739
2621,795.8364276567482
2622,797.7557441020324
2623,799.6624783447714
2624,801.5575300993739
2625,803.4418286275774
2626,805.3163269878904
2627,807.1819961322641
2628,809.0398188765454
2629,810.8907837715798
2630,812.735878901933
2631,814.5760856392814
2632,816.4123723776476
2633,818.245688277929
2634,820.0769570496582
2635,821.9070707986244
2636,823.7368839696795
2637,825.5672074145281
2638,827.3988026146208
2639,829.2323760895603
2640,831.068574021664
2641,832.9079771272939
2642,834.7510958052507
2643,836.5983655922274
2644,838.4501429552776
2645,840.3067014513002
2646,842.168228283217
2647,844.0348212813963
2648,845.9064863368893
2649,847.7831353102171
2650,849.6645844359222
2651,851.5505532391034
2652,853.4406639760606
2653,855.3344416074568
2654,857.2313143093146
2655,859.1306145245071
2656,861.0315805545773
2657,862.9333586883025
2658,864.835005859498
2659,866.7354928225307
2660,868.6337078301282
2661,870.5284607943254
2662,872.4184879079105
2663,874.3024567006747
2664,876.1789715019436
2665,878.0465792779637
2666,879.9037758097268
2667,881.7490121739725
2668,883.5807014875398
2669,885.3972258729219
2670,887.1969436009512
2671,888.9781963652671
2672,890.7393166426701
2673,892.4786350933261
2674,894.1944879546147
2675,895.885224382122
2676,897.549213691203
2677,899.1848524529825
2678,900.7905713997625
2679,902.3648420965546
2680,903.906183337894
2681,905.4131672322136
2682,906.8844249396785
2683,908.3186520331572
2684,909.7146134556688
2685,911.0711480511338
2686,912.3871726486149
2687,913.6616856834892
2688,914.8937703422057
2689,916.0825972206645
2690,917.2274264899349
2691,918.3276095666827
2692,919.3825902888748
2693,920.3919055999733
2694,921.3551857472685
2695,922.2721540025191
2696,923.1426259157538
2697,923.9665081160279
2698,924.7437966762277
2699,925.4745750625214
2700,926.1590116924899
2701,926.7973571291861
2702,927.3899409411842
2703,927.9371682608304
2704,928.439516074258
2705,928.8975292774867
2706,929.3118165333567
2707,929.6830459642703
2708,930.0119407156521
2709,930.299274424638
2710,930.5458666278493
2711,930.7525781413749
2712,930.9203064451651
2713,931.0499811027236
2714,931.142559245405
2715,931.1990211490762
2716,931.2203659294139
2717,931.2076073805056
2718,931.1617699796456
2719,931.0838850794497
2720,930.9749873067528
2721,930.836111186091
2722,930.6682880037714
2723,930.4725429265291
2724,930.2498923863337
2725,930.0013417398749
2726,929.727883207807
2727,929.4304940954719
2728,929.1101352937067
2729,928.7677500554292
2730,928.4042630409266
2731,928.0205796222908
2732,927.6175854353908
2733,927.1961461662107
2734,926.7571075572794
2735,926.3012956192031
2736,925.8295170319935
2737,925.3425597208584
2738,924.8411935911674
2739,924.3261714071042
2740,923.7982297980378
2741,923.2580903761823
2742,922.7064609490385
2743,922.144036810524
2744,921.5715020953746
2745,920.989531182027
2746,920.398790129552
2747,919.7999381342429
2748,919.193628991039
2749,918.5805125440467
2750,917.9612361092434
2751,917.3364458515811
2752,916.7067880985667
2753,916.0729105729931
2754,915.4354635285872
2755,914.7951007736142
2756,914.1524805687561
2757,913.508266386833
2758,912.8631275231479
2759,912.2177395463932
2760,911.5727845811693
2761,910.9289514143055
2762,910.28693541836
2763,909.6474382868918
2764,909.0111675775739
2765,908.3788360612914
2766,907.7511608779798
2767,907.1288625025877
2768,906.512663526757
2769,905.9032872637223
2770,905.3014561858472
2771,904.7078902061712
2772,904.1233048170509
2773,903.5484091002219
2774,902.9839036234217
2775,902.4304782393135
2776,901.8888098030648
2777,901.3595598257398
2778,900.8433720815098
2779,900.3408701871567
2780,899.8526551721691
2781,899.3793030572294
2782,898.9213624587118
2783,898.4793522371012
2784,898.0537592075626
2785,897.6450359306989
2786,897.2535986009465
2787,896.8798250495286
2788,896.5240528785861
2789,896.1865777426016
2790,895.8676517921684
2791,895.5674822936692
2792,895.2862304369377
2793,895.0240103417237
2794,894.7808882726763
2795,894.5568820712422
2796,894.3519608110289
2797,894.1660446809296
2798,893.9990050982188
2799,893.8506650523932
2800,893.7207996797285
2801,893.6091370677476
2802,893.5153592875059
2803,893.4391036497824
2804,893.3799641793154
2805,893.3374932995556
2806,893.3112037189994
2807,893.3005705088876
2808,893.3050333609376
2809,893.323999012943
2810,893.3568438293812
2811,893.4029165233972
2812,893.461541005786
2813,893.5320193461811
2814,893.6136348315766
2815,893.7056551072612
2816,893.8073353849567
2817,893.9179217024266
2818,894.0366542182072
2819,894.1627705245564
2820,894.2955089613541
2821,894.4341119136599
2822,894.5778290759854
2823,894.7259206669257
2824,894.8776605783795
2825,895.0323394440177
2826,895.189267612097
2827,895.3477780084834
2828,895.5072288769093
2829,895.6670063847577
2830,895.8265270838763
2831,895.9852402171451
2832,896.1426298626941
2833,896.2982169086532
2834,896.4515608521524
2835,896.6022614172747
2836,896.7499599879711
2837,896.8943408534449
2838,897.0351322648162
2839,897.1721073027892
2840,897.3050845566471
2841,897.4339286153158
2842,897.5585503715499
2843,897.6789071406058
2844,897.7950025952915
2845,897.9068865200337
2846,898.0146543873304
2847,898.1184467603643
2848,898.2184485255998
2849,898.3148879591428
2850,898.4080356308228
2851,898.4982031504867
2852,898.5857417617989
2853,898.6710407897226
2854,898.7545259486551
2855,898.8366575188477
2856,898.9179283992695
2857,898.9988620454011
2858,899.0800103003869
2859,899.1619511274614
2860,899.2452862508885
2861,899.3306387123004
2862,899.4186503495371
2863,899.5099792057483
2864,899.6052968773682
2865,899.7052858103361
2866,899.8106365544743
2867,899.9220449862121
2868,900.0402095098758
2869,900.1658282475191
2870,900.299596226748
2871,900.4422025753022
2872,900.5943277305956
2873,900.7566406722195
2874,900.9297961856664
2875,901.1144321661546
2876,901.3111669721156
2877,901.5205968384644
2878,901.7432933602635
2879,901.9798010579397
2880,902.2306350359161
2881,902.4962787473019
2882,902.7771818778376
2883,903.0737583622465
2884,903.3863845453737
2885,903.7153974993338
2886,904.0610935067436
2887,904.4237267192531
2888,904.8035079999534
2889,905.2006039576349
2890,905.6151361799909
2891,906.0471806716582
2892,906.496767501684
2893,906.9638806639352
2894,907.4484581532981
2895,907.9503922600662
2896,908.469530084322
2897,909.0056742711384
2898,909.5585839661826
2899,910.1279759900751
2900,910.7135262286301
2901,911.3148712347303
2902,911.9316100361983
2903,912.5633061429319
2904,913.2094897458406
2905,913.8696600994798
2906,914.543288079422
2907,915.2298189041779
2908,915.9286750097928
2909,916.6392590631244
2910,917.3609570975625
2911,918.0931417531372
2912,918.8351756018658
2913,919.5864145385784
2914,920.3462112170159
2915,921.1139185107048
2916,921.8888929782909
2917,922.6704983137378
2918,923.458108762722
2919,924.2511124873283
2920,925.0489148618256
2921,925.8509416831752
2922,926.6566422811422
2923,927.4654925141698
2924,928.2769976380483
2925,929.0906950345777
2926,929.9061567870749
2927,930.7229920891533
2928,931.540849472906
2929,932.3594188425595
2930,933.1784333000097
2931,933.9976707494766
2932,934.8169552696912
2933,935.6361582434289
2934,936.4551992358314
2935,937.2740466148935
2936,938.0927179096241
2937,938.9112799034818
2938,939.7298484624554
2939,940.5485880984739
2940,941.3677112697476
2941,942.1874774205088
2942,943.0081917639117
2943,943.8302038135388
2944,944.6539056707322
2945,945.4797300766909
2946,946.3081482401321
2947,947.1396674532529
2948,947.9748285104595
2949,948.8142029456333
2950,949.6583901045819
2951,950.5080140700506
2952,951.3637204575089
2953,952.2261731008537
2954,953.0960506478991
2955,953.9740430859246
2956,954.8608482176305
2957,955.7571681075011
2958,956.6637055177696
2959,957.5811603523563
2960,958.5102261267575
2961,959.4515864818703
2962,960.4059117596754
2963,961.3738556581974
2964,962.3560519821923
2965,963.3531115047878
2966,964.3656189540783
2967,965.394130137638
2968,966.4391692170499
2969,967.5012261437013
2970,968.5807542662012
2971,969.6781681189237
2972,970.7938414003874
2973,971.9281051492719
2974,973.0812461246278
2975,974.2535053953361
2976,975.4450771423894
2977,976.6561076762479
2978,977.8866946703333
2979,979.1368866105955
2980,980.4066824601858
2981,981.6960315379159
2982,983.00483360941
2983,984.332939190351
2984,985.6801500613958
2985,987.0462199938207
2986,988.4308556840084
2987,989.8337178941109
2988,991.2544227960154
2989,992.692543515918
2990,994.1476118770156
2991,995.6191203378415
2992,997.106524123489
2993,998.6092435462751
2994,1000.1266665112375
2995,1001.6581512003338
2996,1003.2030289276512
2997,1004.760607156646
2998,1006.3301726695473
2999,1007.910994878362
3000,1009.5023292660952
3001,1011.1034209458801
3002,1012.7135083249688
3003,1014.3318268601173
3004,1015.9576128904605
3005,1017.5901075331004
3006,1019.2285606253719
3007,1020.8722346965933
3008,1022.5204089515793
3009,1024.1723832483292
3010,1025.8274820527856
3011,1027.4850583539162
3012,1029.1444975223476
3013,1030.8052210953642
3014,1032.466690470453
3015,1034.12841048899
3016,1035.7899328914389
3017,1037.4508596257235
3018,1039.1108459912564
3019,1040.769603602069
3020,1042.426903153159
3021,1044.0825769742032
3022,1045.7365213544754
3023,1047.388698622604
3024,1049.0391389649326
3025,1050.6879419666238
3026,1052.3352778603794
3027,1053.9813884689204
3028,1055.6265878291242
3029,1057.2712624877254
3030,1058.915871460456
3031,1060.5609458482713
3032,1062.2070881059917
3033,1063.8549709605672
3034,1065.5053359784167
3035,1067.1589917836775
3036,1068.8168119313434
3037,1070.4797324409822
3038,1072.1487489981141
3039,1073.8249138316394
3040,1075.5093322771613
3041,1077.2031590379377
3042,1078.907594157605
3043,1080.623878721622
3044,1082.3532903073258
3045,1084.0971382053986
3046,1085.8567584383316
3047,1087.6335086040128
3048,1089.428762574783
3049,1091.243905084072
3050,1093.0803262340098
3051,1094.9394159582505
3052,1096.8225584749175
3053,1098.7311267653395
3054,1100.6664771149324
3055,1102.6299437527641
3056,1104.622833625808
3057,1106.6464213428944
3058,1108.7019443220015
3059,1110.7905981726742
3060,1112.9135323431349
3061,1115.0718460594505
3062,1117.2665845820986
3063,1119.4987358031756
3064,1121.7692272049946
3065,1124.07892319794
3066,1126.4286228524547
3067,1128.819058037228
3068,1131.250891972983
3069,1133.7247182085243
3070,1136.2410600225958
3071,1138.8003702514845
3072,1141.4030315382981
3073,1144.04935699573
3074,1146.739591270229
3075,1149.4739119919343
3076,1152.2524315914816
3077,1155.075199461712
3078,1157.942204439425
3079,1160.8533775798112
3080,1163.8085951942912
3081,1166.8076821213456
3082,1169.8504151995041
3083,1172.9365269116884
3084,1176.06570917012
3085,1179.2376172107884
3086,1182.4518735661875
3087,1185.7080720851247
3088,1189.0057819689735
3089,1192.3445517945577
3090,1195.7239134945378
3091,1199.1433862665317
3092,1202.6024803824776
3093,1206.100700870326
3094,1209.6375510413336
3095,1213.212535837954
3096,1216.8251649793538
3097,1220.4749558837675
3098,1224.1614363492192
3099,1227.8841469765828
3100,1231.6426433215083
3101,1235.4364977643315
3102,1239.2653010895428
3103,1243.1286637687997
3104,1247.0262169439875
3105,1250.9576131094514
3106,1254.9225264949926
3107,1258.9206531534292
3108,1262.9517107586505
3109,1267.0154381223372
3110,1271.11159443995
3111,1275.2399582790715
3112,1279.4003263254842
3113,1283.592511904299
3114,1287.8163432949764
3115,1292.0716618602635
3116,1296.3583200099304
3117,1300.6761790205667
3118,1305.0251067324066
3119,1309.4049751433
3120,1313.8156579190565
3121,1318.257027838731
3122,1322.7289541927742
3123,1327.2313001510238
3124,1331.7639201162801
3125,1336.3266570780388
3126,1340.9193399799049
3127,1345.5417811133784
3128,1350.1937735502347
3129,1354.875088625845
3130,1359.5854734864201
3131,1364.3246487138829
3132,1369.0923060424748
3133,1373.8881061810912
3134,1378.7116767547482
3135,1383.5626103776249
3136,1388.4404628688258
3137,1393.3447516204294
3138,1398.2749541256449
3139,1403.2305066729916
3140,1408.2108032102603
3141,1413.2151943797483
3142,1418.242986724282
3143,1423.2934420621468
3144,1428.365777028306
3145,1433.4591627791258
3146,1438.5727248579744
3147,1443.7055432193822
3148,1448.8566524099554
3149,1454.025041904907
3150,1459.2096565997276
3151,1464.4093974570346
3152,1469.623122308985
3153,1474.8496468157073
3154,1480.087745579874
3155,1485.336153416854
3156,1490.593566778974
3157,1495.8586453313458
3158,1501.130013675388
3159,1506.4062632149742
3160,1511.685954159505
3161,1516.9676176582955
3162,1522.2497580610739
3163,1527.5308552996664
3164,1532.809367386078
3165,1538.0837330224708
3166,1543.352374319218
3167,1548.613699618159
3168,1553.8661064188946
3169,1559.1079844059145
3170,1564.3377185733782
3171,1569.5536924429007
3172,1574.754291368283
3173,1579.9379059199593
3174,1585.1029353408255
3175,1590.2477910638129
3176,1595.3709002800808
3177,1600.4707095451388
3178,1605.5456884086295
3179,1610.594333052038
3180,1615.61516991734
3181,1620.6067593085354
3182,1625.567698947097
3183,1630.496627461511
3184,1635.3922277903114
3185,1640.2532304773217
3186,1645.0784168374116
3187,1649.866621971022
3188,1654.6167376060828
3189,1659.3277147467527
3190,1663.9985661095288
3191,1668.6283683283802
3192,1673.2162639112466
3193,1677.7614629305206
3194,1682.2632444305498
3195,1686.7209575363843
3196,1691.134022250066
3197,1695.5019299232579
3198,1699.8242433973674
3199,1704.100596804215
3200,1708.3306950218168
3201,1712.5143127812232
3202,1716.6512934219159
3203,1720.7415472951482
3204,1724.7850498169291
3205,1728.7818391750025
3206,1732.7320136970263
3207,1736.6357288900078
3208,1740.4931941638577
3209,1744.3046692546102
3210,1748.0704603652603
3211,1751.7909160442196
3212,1755.4664228231018
3213,1759.0974006369088
3214,1762.6842980508998
3215,1766.2275873197343
3216,1769.7277593060412
3217,1773.1853182873024
3218,1776.6007766816565
3219,1779.9746497245658
3220,1783.3074501292137
3221,1786.5996827644678
3222,1789.8518393855154
3223,1793.0643934535533
3224,1796.2377950817822
3225,1799.3724661452902
3226,1802.4687955922736
3227,1805.527134993375
3228,1808.5477943646117
3229,1811.5310382973219
3230,1814.4770824258503
3231,1817.3860902605952
3232,1820.2581704107272
3233,1823.093374217379
3234,1825.8916938143198
3235,1828.6530606291533
3236,1831.3773443342413
3237,1834.0643522529917
3238,1836.7138292238972
3239,1839.3254579215816
3240,1841.8988596309082
3241,1844.4335954666994
3242,1846.9291680277006
3243,1849.3850234694562
3244,1851.8005539771923
3245,1854.1751006168427
3246,1856.5079565399265
3247,1858.7983705159818
3248,1861.045550764643
3249,1863.2486690581304
3250,1865.4068650637716
3251,1867.519250895125
3252,1869.5849158394417
3253,1871.602931228597
3254,1873.5723554201152
3255,1875.4922388543066
3256,1877.3616291527494
3257,1879.1795762226764
3258,1880.9451373316365
3259,1882.6573821171924
3260,1884.3153974972395
3261,1885.9182924477047
3262,1887.465202615907
3263,1888.9552947398165
3264,1890.3877708458508
3265,1891.7618722005668
3266,1893.0768829945152
3267,1894.3321337392779
3268,1895.5270043612775
3269,1896.660926978478
3270,1897.733388348697
3271,1898.7439319807781
3272,1899.6921599022633
3273,1900.5777340796617
3274,1901.40037749023
3275,1902.1598748473327
3276,1902.8560729847081
3277,1903.488880907984
3278,1904.0582695241683
3279,1904.564271061544
3280,1905.006978193677
3281,1905.3865428827203
3282,1905.7031749589978
3283,1905.9571404557355
3284,1906.1487597195353
3285,1906.278405318816
3286,1906.3464997738502
3287,1906.3535131331903
3288,1906.2999604222657
3289,1906.186398990769
3290,1906.0134257857344
3291,1905.7816745764792
3292,1905.4918131559336
3293,1905.1445405409015
3294,1904.7405841920406
3295,1904.2806972729518
3296,1903.765655966549
3297,1903.196256865723
3298,1902.5733144539681
3299,1901.8976586896556
3300,1901.1701327047952
3301,1900.3915906257796
3302,1899.5628955204747
3303,1898.6849174734834
3304,1897.7585317894443
3305,1896.7846173226676
3306,1895.7640549300336
3307,1894.6977260427218
3308,1893.5865113509685
3309,1892.4312895947373
3310,1891.232936451993
3311,1889.9923235152862
3312,1888.7103173467844
3313,1887.387778601974
3314,1886.0255612131587
3315,1884.6245116255056
3316,1883.185468080522
3317,1881.7092599441462
3318,1880.1967070788414
3319,1878.6486192609082
3320,1877.0657956454788
3321,1875.449024282204
3322,1873.7990816847666
3323,1872.116732457398
3324,1870.4027289816413
3325,1868.657811166647
3326,1866.8827062661583
3327,1865.0781287649647
3328,1863.244780337028
3329,1861.3833498768354
3330,1859.4945136049755
3331,1857.5789352485085
3332,1855.6372662962883
3333,1853.6701463288848
3334,1851.678203422109
3335,1849.6620546224613
3336,1847.6223064921837
3337,1845.5595557210465
3338,1843.474389801494
3339,1841.3673877632286
3340,1839.2391209628813
3341,1837.0901539241286
3342,1834.9210452234568
3343,1832.732348416578
3344,1830.524613000175
3345,1828.2983854030579
3346,1826.0542099998418
3347,1823.7926301391049
3348,1821.5141891770932
3349,1819.2194315077347
3350,1816.908903579958
3351,1814.5831548937197
3352,1812.2427389664733
3353,1809.8882142620928
3354,1807.520145074745
3355,1805.1391023608837
3356,1802.7456645131954
3357,1800.3404180707264
3358,1797.9239583595097
3359,1795.4968900579224
3360,1793.059827681179
3361,1790.613395980238
3362,1788.1582302519662
3363,1785.6949765591414
3364,1783.224291860404
3365,1780.7468440515318
3366,1778.2633119203954
3367,1775.7743850184743
3368,1773.2807634518258
3369,1770.78315759432
3370,1768.2822877262652
3371,1765.7788836023365
3372,1763.2736839537606
3373,1760.7674359307716
3374,1758.2608944923036
3375,1755.7548217504934
3376,1753.2499862775708
3377,1750.7471623821748
3378,1748.2471293611907
3379,1745.750670731972
3380,1743.2585734486208
3381,1740.7716271052439
3382,1738.2906231289107
3383,1735.8163539653433
3384,1733.3496122608246
3385,1730.8911900441346
3386,1728.4418779123134
3387,1726.0024642238388
3388,1723.573734302685
3389,1721.1564696566284
3390,1718.7514472127546
3391,1716.3594385724841
3392,1713.9812092879745
3393,1711.6175181616695
3394,1709.2691165707577
3395,1706.936747818014
3396,1704.621146510087
3397,1702.323037964172
3398,1700.0431376444208
3399,1697.7821506300463
3400,1695.5407711173218
3401,1693.3196819572067
3402,1691.1195542292994
3403,1688.9410468517015
3404,1686.784806225307
3405,1684.6514659097365
3406,1682.5416463264528
3407,1680.4559544827518
3408,1678.3949837087853
3409,1676.3593133988884
3410,1674.3495087481358
3411,1672.3661204749776
3412,1670.4096845210433
3413,1668.48072171999
3414,1666.5797374287904
3415,1664.7072211169518
3416,1662.8636459113152
3417,1661.049468095937
3418,1659.2651265682857
3419,1657.5110422549303
3420,1655.787617492042
3421,1654.0952353779699
3422,1652.4342591065351
3423,1650.8050312904697
3424,1649.2078732846123
3425,1647.6430845181833
3426,1646.110941844935
3427,1644.6116989193263
3428,1643.1455856059033
3429,1641.7128074276834
3430,1640.3135450576326
3431,1638.9479538555427
3432,1637.6161634507976
3433,1636.3182773699207
3434,1635.0543727065924
3435,1633.8244998310572
3436,1632.6286821351275
3437,1631.4669158081076
3438,1630.3391696379338
3439,1629.2453848310656
3440,1628.185474844517
3441,1627.1593252239911
3442,1626.1667934431673
3443,1625.2077087406387
3444,1624.2818719527029
3445,1623.3890553422011
3446,1622.5290024257547
3447,1621.7014278040062
3448,1620.9060170019052
3449,1620.1424263287834
3450,1619.4102827706895
3451,1618.7091839296675
3452,1618.0386980261094
3453,1617.3983639809883
3454,1616.7876915947231
3455,1616.2061618387133
3456,1615.6532272742054
3457,1615.1283126113765
3458,1614.6308154195815
3459,1614.1601069976082
3460,1613.71553341033
3461,1613.2964166953373
3462,1612.9020562401943
3463,1612.5317303282263
3464,1612.1846978484857
3465,1611.8602001637962
3466,1611.557463129305
3467,1611.2756992523425
3468,1611.0141099825269
3469,1610.7718881194096
3470,1610.5482203239285
3471,1610.342289719411
3472,1610.1532785675272
3473,1609.9803710043495
3474,1609.8227558215863
3475,1609.6796292780134
3476,1609.550197926011
3477,1609.433681437933
3478,1609.3293154169962
3479,1609.2363541774948
3480,1609.154073479219
3481,1609.0817732007538
3482,1609.0187799360153
3483,1608.9644494981512
3484,1608.9181693149237
3485,1608.8793607001771
3486,1608.8474809873655
3487,1608.8220255133779
3488,1608.8025294434005
3489,1608.788569429612
3490,1608.7797650979387
3491,1608.775780358133
3492,1608.7763245332333
3493,1608.7811533050838
3494,1608.790069473231
3495,1608.802923525549
3496,1608.8196140207071
3497,1608.840087784822
3498,1608.8643399269372
3499,1608.892413680042
3500,1608.9244000760125
3501,1608.9604374640894
3502,1609.0007108832685
3503,1609.0454512993751
3504,1609.094934717626
3505,1609.149481181239
3506,1609.2094536660634
3507,1609.2752568801668
3508,1609.347335975922
3509,1609.4261751808253
3510,1609.5122963522915
3511,1609.606257460959
3512,1609.7086510063334
3513,1609.8201023678307
3514,1609.9412680935493
3515,1610.0728341285637
3516,1610.2155139841932
3517,1610.3700468493569
3518,1610.5371956447327
3519,1610.717745020008
3520,1610.912499294283
3521,1611.1222803397472
3522,1611.3479254089784
3523,1611.5902849064985
3524,1611.8502201054066
3525,1612.1286008100496
3526,1612.426302965854
3527,1612.744206217661
3528,1613.0831914181515
3529,1613.4441380881979
3530,1613.8279218313232
3531,1614.2354117049472
3532,1614.6674675519164
3533,1615.1249372971831
3534,1615.608654216424
3535,1616.1194341855035
3536,1616.6580729213533
3537,1617.225343225669
3538,1617.8219922430067
3539,1618.4487387447634
3540,1619.1062704504116
3541,1619.795241397245
3542,1620.5162693696977
3543,1621.2699333990586
3544,1622.0567713442601
3545,1622.8772775642913
3546,1623.7319006926277
3547,1624.6210415239532
3548,1625.5450510236242
3549,1626.5042284709236
3550,1627.498819747972
3551,1628.5290157867048
3552,1629.5949511861804
3553,1630.6967030115745
3554,1631.8342897848183
3555,1633.0076706753105
3556,1634.2167448976331
3557,1635.4613513217412
3558,1636.7412682997863
3559,1638.0562137127472
3560,1639.405845239412
3561,1640.7897608497883
3562,1642.2074995244038
3563,1643.6585422000574
3564,1645.1423129413563
3565,1646.658180335989
3566,1648.2054591102467
3567,1649.7834119598526
3568,1651.3912515894847
3569,1653.0281429524082
3570,1654.6932056795688
3571,1656.3855166856326
3572,1658.1041129380017
3573,1659.8479943738248
3574,1661.6161269493637
3575,1663.4074458054674
3576,1665.2208585320616
3577,1667.0552485135536
3578,1668.9094783362993
3579,1670.7823932391273
3580,1672.6728245884153
3581,1674.57959335998
3582,1676.5015136106763
3583,1678.4373959230677
3584,1680.3860508070347
3585,1682.3462920427985
3586,1684.3169399504097
3587,1686.2968245712398
3588,1688.2847887474738
3589,1690.2796910860566
3590,1692.2804087939019
3591,1694.2858403716243
3592,1696.2949081538443
3593,1698.3065606852974
3594,1700.319774923188
3595,1702.3335582571813
3596,1704.3469503393708
3597,1706.3590247180489
3598,1708.3688902712286
3599,1710.375692438192
3600,1712.3786142493962
3601,1714.3768771568127
3602,1716.369741668381
3603,1718.3565077917247
3604,1720.3365152932674
3605,1722.3091437794255
3606,1724.2738126068323
3607,1726.2299806288015
3608,1728.177145785584
3609,1730.1148445465885
3610,1732.0426512135605
3611,1733.9601770943639
3612,1735.867069557299
3613,1737.7630109758923
3614,1739.6477175739785
3615,1741.5209381807356
3616,1743.3824529053347
3617,1745.2320717410535
3618,1747.0696331089105
3619,1748.8950023509326
3620,1750.70807018315
3621,1752.5087511184665
3622,1754.296981869595
3623,1756.0727197421825
3624,1757.8359410280855
3625,1759.5866394086083
3626,1761.3248243773062
3627,1763.0505196913077
3628,1764.7637618587937
3629,1766.4645986683283
3630,1768.1530877636922
3631,1769.8292952662807
3632,1771.4932944462255
3633,1773.1451644429947
3634,1774.784989036068
3635,1776.4128554662366
3636,1778.0288533081732
3637,1779.6330733953268
3638,1781.225606798724
3639,1782.806543861517
3640,1784.3759732909234
3641,1785.9339813088106
3642,1787.4806508621007
3643,1789.0160608945084
3644,1790.5402856817057
3645,1792.0533942324066
3646,1793.555449757818
3647,1795.0465092114496
3648,1796.526622900765
3649,1797.995834171795
3650,1799.454179167598
3651,1800.9016866610305
3652,1802.3383779615106
3653,1803.7642668944043
3654,1805.179359850605
3655,1806.5836559031495
3656,1807.9771469874536
3657,1809.3598181417601
3658,1810.7316478043576
3659,1812.092608163686
3660,1813.4426655566754
3661,1814.7817809099759
3662,1816.1099102185606
3663,1817.4270050565167
3664,1818.7330131154326
3665,1820.0278787662376
3666,1821.3115436403964
3667,1822.5839472261048
3668,1823.845027474947
3669,1825.0947214147616
3670,1826.3329657651573
3671,1827.5596975527408
3672,1828.7748547231774
3673,1829.9783767468257
3674,1831.1702052141986
3675,1832.3502844171107
3676,1833.5185619111155
3677,1834.6749890549163
3678,1835.8195215230696
3679,1836.9521197892325
3680,1838.0727495776614
3681,1839.1813822802937
3682,1840.2779953360766
3683,1841.3625725690779
3684,1842.4351044824245
3685,1843.4955885058453
3686,1844.544029195208
3687,1845.5804383830148
3688,1846.6048352794044
3689,1847.6172465237225
3690,1848.6177061871028
3691,1849.6062557267132
3692,1850.5829438924436
3693,1851.5478265869815
3694,1852.5009666805565
3695,1853.4424337821222
3696,1854.372303969281
3697,1855.2906594796773
3698,1856.1975883667226
3699,1857.093184122322
3700,1857.977545268985
3701,1858.8507749234968
3702,1859.7129803344346
3703,1860.5642723962392
3704,1861.4047651432186
3705,1862.2345752274812
3706,1863.0538213852737
3707,1863.862623896554
3708,1864.661104042864
3709,1865.4493835685316
3710,1866.2275841497203
3711,1866.9958268750777
3712,1867.7542317410864
3713,1868.5029171649142
3714,1869.241999517456
3715,1869.9715926792096
3716,1870.691807621716
3717,1871.4027520177456
3718,1872.1045298842917
3719,1872.7972412634294
3720,1873.4809819467614
3721,1874.1558432490826
3722,1874.8219118362235
3723,1875.4792696110342
3724,1876.1279936604308
3725,1876.7681562652917
3726,1877.3998249737772
3727,1878.023062737489
3728,1878.6379281088887
3729,1879.244475497454
3730,1879.8427554810094
3731,1880.4328151675052
3732,1881.0146986013967
3733,1881.5884472079006
3734,1882.1541002678375
3735,1882.7116954154274
3736,1883.2612691511538
3737,1883.8028573614165
3738,1884.336495836101
3739,1884.8622207748806
3740,1885.3800692734894
3741,1885.8900797822369
3742,1886.392292529807
3743,1886.8867499055036
3744,1887.3734967929126
3745,1887.8525808482116
3746,1888.3240527172825
3747,1888.787966187067
3748,1889.244378267849
3749,1889.6933492041546
3750,1890.1349424126217
3751,1890.569224345427
3752,1890.9962642777275
3753,1891.4161340172448
3754,1891.8289075338735
3755,1892.2346605072646
3756,1892.633469790863
3757,1893.025412791793
3758,1893.4105667671413
3759,1893.7890080382813
3760,1894.1608111255562
3761,1894.5260478056325
3762,1894.884786093346
3763,1895.2370891493038
3764,1895.5830141142674
3765,1895.9226108714959
3766,1896.2559207386967
3767,1896.5829750918167
3768,1896.9037939232812
3769,1897.2183843372472
3770,1897.5267389840901
3771,1897.828834436113
3772,1898.1246295067085
3773,1898.4140635158203
3774,1898.6970545051681
3775,1898.9734974070484
3776,1899.2432621706805
3777,1899.5061918502636
3778,1899.7621006592035
3779,1900.0107719953128
3780,1900.2519564422826
3781,1900.4853697534006
3782,1900.7106908242895
3783,1900.9275596620873
3784,1901.1355753590585
3785,1901.3342940792547
3786,1901.5232270675606
3787,1901.701838690961
3788,1901.8695445220699
3789,1902.0257094751503
3790,1902.1696460053183
3791,1902.3006123824043
3792,1902.417811051923
3793,1902.5203870966975
3794,1902.6074268136347
3795,1902.6779564206429
3796,1902.7309409085628
3797,1902.7652830524855
3798,1902.7798225961799
3799,1902.773335622618
3800,1902.7445341228204
3801,1902.6920657744918
3802,1902.6145139411428
3803,1902.5103979014739
3804,1902.3781733177373
3805,1902.2162329507537
3806,1902.0229076283574
3807,1901.7964674733885
3808,1901.535123396878
3809,1901.2370288615834
3810,1900.9002819201128
3811,1900.5229275304225
3812,1900.1029601496991
3813,1899.638326605763
3814,1899.1269292432578
3815,1898.5666293401064
3816,1897.955250788201
3817,1897.2905840309613
3818,1896.5703902489581
3819,1895.7924057829857
3820,1894.954346781679
3821,1894.0539140581086
3822,1893.0887981370481
3823,1892.0566844721934
3824,1890.9552588107433
3825,1889.78221268133
3826,1888.535248979916
3827,1887.212087626669
3828,1885.8104712650045
3829,1884.3281709721805
3830,1882.7629919489932
3831,1881.1127791540687
3832,1879.3754228459181
3833,1877.5488639936116
3834,1875.6310995149086
3835,1873.6201872990491
3836,1871.5142509700547
3837,1869.3114843452895
3838,1867.010155543194
3839,1864.6086106935684
3840,1862.1052772036405
3841,1859.4986665336094
3842,1856.7873764363692
3843,1853.9700926177027
3844,1851.045589775471
3845,1848.0127319793692
3846,1844.8704723564724
3847,1841.6178520516764
3848,1838.2539984358032
3849,1834.7781225374738
3850,1831.1895156780388
3851,1827.4875452920642
3852,1823.6716499192319
3853,1819.7413333571028
3854,1815.6961579682886
3855,1811.5357371404386
3856,1807.2597269031114
3857,1802.8678167116143
3858,1798.3597194134447
3859,1793.7351604175506
3860,1788.9938660906816
3861,1784.1355514096626
3862,1779.1599069043298
3863,1774.066584933691
3864,1768.8551853478639
3865,1763.5252406001753
3866,1758.076200386458
3867,1752.5074159010044
3868,1746.818123810375
3869,1741.0074300570436
3870,1735.074293614445
3871,1729.0175103232634
3872,1722.8356969458632
3873,1716.5272755814722
3874,1710.0904585888525
3875,1703.5232341657886
3876,1696.8233527360749
3877,1689.98831429485
3878,1683.0153568621913
3879,1675.9014461928937
3880,1668.6432668874252
3881,1661.2372150452095
3882,1653.6793925966056
3883,1645.965603444317
3884,1638.09135153837
3885,1630.0518410011812
3886,1621.8419784107612
3887,1613.45637734104
3888,1604.889365248369
3889,1596.1349927818487
3890,1587.1870455820138
3891,1578.0390586179306
3892,1568.6843330974489
3893,1559.1159559694986
3894,1549.3268220212035
3895,1539.3096585563803
3896,1529.057052625813
3897,1518.5614807634502
3898,1507.8153411661838
3899,1496.810988237783
3900,1485.5407693996635
3901,1473.9970640527604
3902,1462.1723245568248
3903,1450.059119076996
3904,1437.650176133019
3905,1424.9384306739964
3906,1411.9170714907352
3907,1398.579589767856
3908,1384.9198285681239
3909,1370.932033031569
3910,1356.610901062035
3911,1341.9516342638276
3912,1326.9499888806008
3913,1311.6023264766911
3914,1295.9056640879041
3915,1279.8577235562648
3916,1263.4569797538163
3917,1246.702707394374
3918,1229.5950261276635
3919,1212.1349436072426
3920,1194.3243962233955
3921,1176.1662871951962
3922,1157.6645217211228
3923,1138.8240388945128
3924,1119.6508400992077
3925,1100.152013611623
3926,1080.3357551473848
3927,1060.2113841037349
3928,1039.7893552637931
3929,1019.0812657453197
3930,998.0998569943234
3931,976.8590116427746
3932,955.3737450700934
3933,933.6601915296761
3934,911.7355847240706
3935,889.618232735672
3936,867.3274872443845
3937,844.883706989963
3938,822.3082154650949
3939,799.6232528555989
3940,776.8519222758305
3941,754.0181303802387
3942,731.1465224663821
3943,708.2624122205235
3944,685.3917062934785
3945,662.5608239314471
3946,639.7966119246591
3947,617.126255175828
3948,594.5771832297798
3949,572.1769731443567
3950,549.9532491203298
3951,527.9335793439022
3952,506.14537052834936
3953,484.6157606707476
3954,463.3715105653482
3955,442.4388946367033
3956,421.84359167262363
3957,401.610576049003
3958,381.7640100453228
3959,362.32713785107177
3960,343.322181859132
3961,324.77024183234374
3962,306.69119751415224
3963,289.10361523376423
3964,272.0246590312574
3965,255.47000679961477
3966,239.4537719094634
3967,223.98843074860713
3968,209.08475657244378
3969,194.7517600234644
3970,180.99663663872903
3971,167.82472162408718
3972,155.2394521337697
3973,143.24233725435911
3974,131.83293585285864
3975,121.00884240898463
3976,110.76568091146153
3977,101.09710685693693
3978,91.9948173484144
3979,83.4485692484865
3980,75.4462053019767
3981,67.973688103323
3982,61.01514174618784
3983,54.55290095654785
3984,48.567567476506866
3985,43.038073434933274
3986,37.941751413139166
3987,33.25441088934956
3988,28.950420724413085
3989,25.00279733226306
3990,21.3832981611352
3991,18.062520095302673
3992,15.01000237260901
3993,12.194333600669186
3994,9.583262443958047
3995,7.143811544640118
3996,4.8423942316484085
3997,2.6449335650503216
3998,0.5169832561545454
3999,-1.5761500015493328
