sport,cutoff_type,jump_type,trial_num_in_block,overall_recording_number,cutoff_frequency,PID,propulsive_peakforce_rfd_slope_between_events,propulsive_peakforce_rfd_instantaneous_average_between_events,propulsive_peakforce_rfd_instantaneous_peak_between_events,total_net_vertical_impulse,peak_force,maximum_force,average_force_of_propulsive_phase,takeoff_velocity,jump_height_takeoff_velocity,jump_height_net_vertical_impulse,movement_time,propulsive_time,frame_start_of_propulsive_phase,frame_peak_force,frame_of_potential_unweighting_start
FHOC,literature_cutoff,SQT,1,3,50,P01,3165.8941618464814,3168.666338584471,7241.562366788625,151.26532456117664,1559.1354816344979,1559.1354816344979,1038.1237336578804,2.3096541741368966,0.27189105015840925,0.2718910501584097,0.389,0.389,1610,1894,-1
FHOC,literature_cutoff,SQT,2,6,50,P01,2495.275454916528,2498.6290725931426,4672.496037383564,154.42541774043912,1434.7035397121326,1434.7035397121326,1036.8869941662792,2.3581626390099766,0.2834317549450814,0.28343175494508205,0.42,0.42,1579,1893,1072
FHOC,literature_cutoff,SQT,3,7,50,P01,2666.9124010798373,2669.370774290545,4577.963685457071,150.8613426192516,1453.2869156700888,1453.2869156700888,1052.4320349179334,2.298148796392078,0.26918898523742896,0.26918898523742885,0.388,0.388,1611,1908,1382
FHOC,literature_cutoff,SQT,4,10,50,P01,2571.879435440285,2577.8503210219164,5885.244557483413,151.68372202104345,1446.6265928719781,1446.6265928719781,1061.0454500715723,2.3178658449929714,0.27382783258842924,0.2738278325884291,0.4,0.4,1599,1900,1343
FHOC,literature_cutoff,SQT,5,12,50,P01,2891.069660341992,2893.708947239349,4995.448239319259,147.48696471035606,1478.555481749832,1478.555481749832,1022.6356098935277,2.2537471391190707,0.2588876741634758,0.25888767416347636,0.392,0.392,1607,1887,-1
FHOC,literature_cutoff,SQT,6,13,50,P01,2737.7929323688354,2742.282472460823,5667.93241291889,151.60010970422204,1446.4245816867183,1446.4245816867183,1068.9285342657308,2.3161601748497613,0.27342497225076845,0.2734249722507686,0.389,0.389,1610,1896,1362
FHOC,literature_cutoff,SQT,7,15,50,P01,2673.8253623595897,2675.680393033594,4268.3689080979675,146.76147749426383,1452.9495661922454,1452.9495661922454,1020.397966828738,2.2419834916526744,0.2561921496861935,0.2561921496861939,0.403,0.403,1596,1889,1433
FHOC,literature_cutoff,SQT,8,16,50,P01,2566.7217122069487,2568.725091328941,4705.897523545544,143.5357586136346,1433.2036959227,1433.2036959227,1010.1626395410397,2.20100819887447,0.2469132054797471,0.24691320547974752,0.386,0.386,1613,1908,-1
FHOC,literature_cutoff,SQT,9,19,50,P01,2577.533383166065,2579.1451964366406,4734.391033187974,149.05325566413973,1364.5628814232234,1364.5628814232234,1034.8817010730147,2.285303786576551,0.26618824653114787,0.2661882465311478,0.382,0.382,1617,1883,-1
FHOC,literature_cutoff,SQT,10,20,50,P01,2514.2515936097975,2515.2712010069595,6800.793682499789,143.61323444570536,1487.9507151420435,1487.9507151420435,990.3667853224084,2.1880994616886245,0.24402544618970684,0.24402544618970662,0.428,0.428,1571,1896,-1
FHOC,literature_cutoff,SQT,1,2,50,P02,1850.6816673679036,1853.797698157185,5254.681739219872,125.2557269132585,1158.8321909815816,1158.8321909815816,900.1735350302016,2.111436197138525,0.22722542378118224,0.22722542378118252,0.413,0.413,1586,1903,1272
FHOC,literature_cutoff,SQT,2,3,50,P02,1962.5640575981379,1964.7829981595703,4616.168469511322,119.55978029740093,1174.0108944520614,1174.0108944520614,888.8545667414438,2.013701768888987,0.20667659602582236,0.20667659602582264,0.395,0.395,1604,1900,-1
FHOC,literature_cutoff,SQT,3,5,50,P02,1515.4419879879583,1516.895342408012,4120.604418854346,116.95463040336507,1178.6985126037498,1178.6985126037498,830.7233718827438,1.968544845083014,0.19751115224785462,0.19751115224785482,0.477,0.477,1522,1902,-1
FHOC,literature_cutoff,SQT,4,8,50,P02,1583.22176326512,1584.708286457494,4206.991751707974,118.8918047687916,1147.3582871439298,1147.3582871439298,872.6661729167652,2.0045054051765723,0.20479316612548898,0.20479316612548898,0.437,0.437,1562,1910,1319
FHOC,literature_cutoff,SQT,5,9,50,P02,1725.5465528756522,1729.394908006283,4150.618478109944,118.42081214166885,1152.9409083082423,1152.9409083082423,869.9997379101527,2.0012308130306686,0.20412460586255818,0.20412460586255826,0.412,0.412,1587,1901,-1
FHOC,literature_cutoff,SQT,6,13,50,P02,1586.5215176617896,1587.5789722149232,3428.0114593576873,115.22767193055559,1155.3110345913128,1155.3110345913128,845.7912980969519,1.941097706026883,0.1920418095995325,0.19204180959953263,0.456,0.456,1543,1896,1271
FHOC,literature_cutoff,SQT,7,15,50,P02,1580.8852968008293,1582.055289285752,3918.9476111400872,115.41208833090599,1178.2432604714215,1178.2432604714215,836.2438260166222,1.9457853073717293,0.1929704618951934,0.1929704618951938,0.467,0.467,1532,1896,1348
FHOC,literature_cutoff,SQT,8,18,50,P02,1619.0232907033255,1620.2854322362598,4218.915784980636,116.20313688012826,1176.5951093136937,1176.5951093136937,840.7817977369491,1.959173483962487,0.19563510398887407,0.19563510398887443,0.464,0.464,1535,1898,1279
FHOC,literature_cutoff,SQT,9,19,50,P02,1603.1191070914053,1603.6635838152888,3737.444192061317,115.32815312532631,1182.8885009734495,1182.8885009734495,832.1476777911084,1.9475946931088282,0.1933295152204725,0.19332951522047237,0.471,0.471,1528,1898,1314
FHOC,literature_cutoff,SQT,10,21,50,P02,1490.2204973340554,1492.0959587759319,4135.884711862134,120.96823023132447,1136.7362087975714,1136.7362087975714,854.6870195536293,2.0426604928940733,0.21266370485373387,0.21266370485373395,0.467,0.467,1532,1902,1260
FHOC,literature_cutoff,SQT,1,4,50,P03,2502.1909835958004,2509.2454501622437,7416.073301956756,124.87970248522883,1273.5646485348407,1273.5646485348407,1040.9044674972542,1.8738640910709197,0.1789687376047423,0.1789687376047423,0.341,0.341,1658,1899,-1
FHOC,literature_cutoff,SQT,2,7,50,P03,4915.924959441328,4935.368181868399,8337.710077573254,132.8840431424128,1231.677862245122,1243.6972758958761,1054.793375620859,2.000135095987621,0.20390114180435323,0.20390114180435334,0.359,0.359,1640,1758,1470
FHOC,literature_cutoff,SQT,3,8,50,P03,2493.9470373727386,2499.414913746722,4766.116878810339,128.90193732784607,1314.341069164509,1314.341069164509,1028.3961463088215,1.937441038960051,0.19131894900339458,0.1913189490033948,0.36,0.36,1639,1894,1485
FHOC,literature_cutoff,SQT,4,11,50,P03,2381.305371990584,2386.0955129788586,6578.4659024191205,125.80998525448304,1291.7144638622585,1291.7144638622585,1018.5111782764429,1.8884652287075068,0.1817686503586797,0.18176865035867948,0.357,0.357,1642,1904,-1
FHOC,literature_cutoff,SQT,5,13,50,P03,2566.3792105190882,2569.472811983215,6955.8744678683,124.02982737155382,1295.7199947380698,1295.7199947380698,1027.762063229717,1.8587500005858903,0.17609335192038977,0.17609335192038977,0.344,0.344,1655,1904,1533
FHOC,literature_cutoff,SQT,6,15,50,P03,2040.5560473837845,2042.285965024226,4392.546920650289,127.6427035927502,1267.860276218082,1267.860276218082,983.5008959232936,1.9208361146626711,0.18805358712499418,0.18805358712499437,0.387,0.387,1612,1906,-1
FHOC,literature_cutoff,SQT,7,17,50,P03,2550.5725833671017,2554.8141308824715,6286.126754883153,124.08722394863551,1293.8813267613336,1293.8813267613336,1025.4118205580191,1.868243322521627,0.17789669276996167,0.17789669276996176,0.337,0.337,1662,1908,-1
FHOC,literature_cutoff,SQT,8,18,50,P03,2458.4019454864206,2465.085954408105,4518.496503194794,136.82083903072785,1326.6900431224587,1326.6900431224587,1033.5352642839648,2.070025368392204,0.2183998484091376,0.21839984840913781,0.331,0.331,1668,1906,-1
FHOC,literature_cutoff,SQT,9,21,50,P03,2345.917277446217,2351.3340310306353,6415.012691427721,122.9305000394073,1269.6982237836996,1269.6982237836996,1018.19828210871,1.8456149725954596,0.17361338568137305,0.1736133856813732,0.354,0.354,1645,1909,1487
FHOC,literature_cutoff,SQT,10,22,50,P03,2596.0483260652563,2605.8120425137777,7975.50638958643,122.87102744295714,1280.7965313619147,1280.7965313619147,1048.7602492457743,1.8454125825253302,0.17357531089412886,0.17357531089412914,0.342,0.342,1657,1896,1499
FHOC,literature_cutoff,SQT,1,2,50,P04,3581.9190762477797,3589.185061709216,8055.667685615132,115.73066171891581,1126.3971454648795,1126.3971454648795,886.8828843017786,2.3500788227951013,0.2814918691819576,0.28149186918195773,0.294,0.294,1705,1881,-1
FHOC,literature_cutoff,SQT,2,6,50,P04,2786.3529993382986,2789.8948158396825,5377.712666877604,117.26372564034071,1104.076339377286,1104.076339377286,862.3258860194384,2.378371574970254,0.2883104662908505,0.2883104662908503,0.319,0.319,1680,1894,1479
FHOC,literature_cutoff,SQT,3,7,50,P04,3345.4635085490445,3351.360449239483,7096.825191699958,116.72283337420492,1100.9340767333329,1100.9340767333329,876.8998755916786,2.3709077028411274,0.2865037377875327,0.28650373778753246,0.309,0.309,1690,1870,1543
FHOC,literature_cutoff,SQT,4,9,50,P04,2085.6138196083957,2087.51799001173,5527.284952202637,115.24861313906135,1039.3608218041518,1039.3608218041518,830.117963373527,2.3367799157716047,0.2783150038100687,0.27831500381006863,0.344,0.344,1655,1911,1424
FHOC,literature_cutoff,SQT,5,11,50,P04,2946.1109579902877,2952.6537787757575,7387.77468398941,112.80452867537592,1064.0919777784663,1064.0919777784663,867.376960499163,2.2834942469134285,0.26576686930105636,0.2657668693010564,0.315,0.315,1684,1876,1511
FHOC,literature_cutoff,SQT,6,13,50,P04,4246.023523095303,4251.853135508312,8399.895411335921,112.82950362390051,1117.5375914390734,1117.5375914390734,884.4961442745495,2.285209173294603,0.2661662062033539,0.2661662062033545,0.298,0.298,1701,1851,1539
FHOC,literature_cutoff,SQT,7,14,50,P04,2406.8042510599466,2411.934240814335,7321.693366125866,117.06624884746275,1050.7524287965618,1050.7524287965618,870.16382885672,2.3768772878664253,0.2879482997744777,0.28794829977447794,0.311,0.311,1688,1922,1542
FHOC,literature_cutoff,SQT,8,16,50,P04,2820.5176122291105,2824.2743542454596,7028.546070307086,113.06744547589723,1085.7728304571679,1085.7728304571679,862.7706157081657,2.291712401978963,0.2676832687759525,0.2676832687759523,0.311,0.311,1688,1903,1542
FHOC,literature_cutoff,SQT,9,19,50,P04,4798.723781589676,4807.39494349573,9240.05765302683,117.42095092172006,1108.2482586192768,1108.2482586192768,883.0539242386365,2.3840386445652615,0.28968604784814317,0.28968604784814345,0.311,0.311,1688,1818,1384
FHOC,literature_cutoff,SQT,10,22,50,P04,5114.453186366867,5124.779485866858,10046.934549933358,117.30135153462722,1134.618727481649,1134.618727481649,898.0400889159699,2.379234298732204,0.2885196660684874,0.28851966606848717,0.316,0.316,1683,1808,1403
FHOC,literature_cutoff,SQT,1,6,50,P05,2372.9152857319928,2373.613602843515,5417.098894546158,127.08012841407519,1369.4024851872803,1369.4024851872803,904.328510834501,2.0732785882212292,0.21908685547281412,0.2190868554728143,0.422,0.422,1577,1893,-1
FHOC,literature_cutoff,SQT,2,8,50,P05,2398.871478669102,2400.2855633808044,3667.553195572691,122.93927017546434,1315.4000194326386,1315.4000194326386,927.2572295583868,2.0035042433614723,0.20458864695042941,0.20458864695042953,0.387,0.387,1612,1895,-1
FHOC,literature_cutoff,SQT,3,10,50,P05,2634.6500669191655,2636.0893388641002,5662.161875941558,125.10543531538221,1372.2309802702578,1372.2309802702578,924.6009171763977,2.042902980301898,0.2127141991297848,0.21271419912978506,0.391,0.391,1608,1892,-1
FHOC,literature_cutoff,SQT,4,11,50,P05,2535.8781854619574,2537.0818704409394,4594.6143653161125,123.92952786585826,1348.436884977203,1348.436884977203,927.2167318894927,2.0193855742004083,0.20784495908709033,0.20784495908709016,0.386,0.386,1613,1898,-1
FHOC,literature_cutoff,SQT,5,14,50,P05,2121.4745784286174,2122.3195524079533,4715.488678039517,124.92262895581518,1352.1994012125479,1352.1994012125479,892.2313347501138,2.0353420986628397,0.21114258198721977,0.2111425819872194,0.44,0.44,1559,1901,-1
FHOC,literature_cutoff,SQT,6,15,50,P05,2295.5986434448387,2297.9268979885983,3806.4918266357854,127.62018162533154,1291.864848602982,1291.864848602982,938.1589352753977,2.0847106171768544,0.22150960027369523,0.22150960027369532,0.39,0.39,1609,1897,1440
FHOC,literature_cutoff,SQT,7,16,50,P05,2532.2163681172633,2533.7016524636056,4084.4200644114753,126.41123845080946,1314.9832773061064,1314.9832773061064,938.4319091825755,2.062836479522991,0.2168855423675233,0.2168855423675232,0.383,0.383,1616,1886,-1
FHOC,literature_cutoff,SQT,8,19,50,P05,2263.138082999613,2266.160987099326,3985.0461364738876,126.59273879590324,1285.7544838857978,1285.7544838857978,945.0737642147993,2.0682756274756797,0.2180307885428092,0.21803078854280938,0.389,0.389,1610,1906,1329
FHOC,literature_cutoff,SQT,9,20,50,P05,2554.4665708255648,2556.961564973013,4305.851936925552,128.3460468311751,1331.3357714212834,1331.3357714212834,946.3733557164294,2.0948302241282057,0.22366532456274354,0.22366532456274366,0.378,0.378,1621,1895,-1
FHOC,literature_cutoff,SQT,10,22,50,P05,2624.650507320406,2626.515819774434,4383.589365993044,127.38808435561123,1353.1771959652397,1353.1771959652397,940.7108574692567,2.0796116079126916,0.2204273414763104,0.22042734147631055,0.382,0.382,1617,1895,1463
FHOC,literature_cutoff,SQT,1,2,50,P06,2063.935296027901,2068.620596100734,5732.115286924003,158.66385873663796,1281.072835278577,1281.072835278577,1070.440689237027,2.420895804193708,0.2987123595699643,0.2987123595699635,0.395,0.395,1604,1905,1378
FHOC,literature_cutoff,SQT,2,3,50,P06,2138.5186831560686,2139.42046379343,3598.1761078599375,146.79047732996366,1342.9614667741405,1342.9614667741405,996.3668629878774,2.23602766637969,0.25483280962361887,0.254832809623619,0.419,0.419,1580,1896,-1
FHOC,literature_cutoff,SQT,3,7,50,P06,2476.887813152592,2480.775921556156,4408.254604329355,146.59546113697974,1329.6226777262452,1329.6226777262452,1033.1624844505307,2.2363265652172624,0.25490094323631185,0.25490094323631185,0.388,0.388,1611,1880,1437
FHOC,literature_cutoff,SQT,4,8,50,P06,4003.686345567156,4015.584571064798,7070.078666474496,147.54825878259527,1252.882554789199,1252.882554789199,1057.6705899560975,2.2487818555660186,0.2577482076413326,0.25774820764133305,0.393,0.393,1606,1757,1317
FHOC,literature_cutoff,SQT,5,9,50,P06,2074.7325584598843,2079.363092548959,5053.494355230243,146.3018949746295,1260.9197959571748,1260.9197959571748,1037.4416109062006,2.230023374544759,0.25346606783975506,0.2534660678397552,0.393,0.393,1606,1898,1401
FHOC,literature_cutoff,SQT,6,10,50,P06,2144.1578657349482,2145.113679800532,3761.4817118628416,139.44828298672041,1328.0671278730704,1328.0671278730704,980.744968404023,2.1255884513894086,0.230281664866464,0.2302816648664643,0.414,0.414,1585,1889,-1
FHOC,literature_cutoff,SQT,7,16,50,P06,2230.8642401163206,2232.190557581338,4037.338686733041,135.29144356479105,1353.369112352133,1353.369112352133,970.0158084334126,2.0616743513500553,0.21664124011287822,0.21664124011287786,0.419,0.419,1580,1887,-1
FHOC,literature_cutoff,SQT,7,17,50,P06,2047.5837735797359,2048.630399174537,3816.753520895494,139.4160602915442,1325.6000605472166,1325.6000605472166,968.708715572696,2.1250519083604096,0.23016542371183582,0.2301654237118359,0.429,0.429,1570,1891,-1
FHOC,literature_cutoff,SQT,8,21,50,P06,2289.904399726429,2291.9671413924066,4636.50919045601,142.61724881845487,1350.8733795686137,1350.8733795686137,989.3343249254633,2.1805774939811053,0.24235057121594888,0.24235057121594838,0.404,0.404,1595,1888,-1
FHOC,literature_cutoff,SQT,9,22,50,P06,2048.6337320348957,2050.6065492641137,3760.722331854573,147.44075370960405,1300.2984750264668,1300.2984750264668,1002.5693330037444,2.258402046344914,0.2599581958682413,0.2599581958682415,0.413,0.413,1586,1898,1341
FHOC,literature_cutoff,SQT,10,23,50,P06,2163.325114017969,2164.124372403344,3871.5979045131244,143.84254819786804,1351.04120010016,1351.04120010016,976.9535406282238,2.197717201175502,0.2461753769797493,0.2461753769797493,0.428,0.428,1571,1889,-1
FHOC,literature_cutoff,SQT,1,2,50,P07,5838.268405799819,5850.178746548352,9802.05605762155,116.4421195321599,1419.7196865092978,1419.7196865092978,996.7191194589972,2.1907658652973447,0.2446205441667698,0.2446205441667696,0.261,0.261,1738,1891,1605
FHOC,literature_cutoff,SQT,2,6,50,P07,4924.191010393478,4932.162505474575,8985.876615058456,121.05547126343586,1359.7004184964712,1359.7004184964712,969.9656438458705,2.2863742125603266,0.26643766767894256,0.2664376676789428,0.277,0.277,1722,1891,-1
FHOC,literature_cutoff,SQT,3,7,50,P07,4873.9101373379735,4881.677028989355,9309.16294775746,116.95867135613729,1350.652626341389,1350.652626341389,953.4946252867445,2.2077959951258848,0.2484384890975482,0.2484384890975478,0.282,0.282,1717,1883,1433
FHOC,literature_cutoff,SQT,4,9,50,P07,5187.242088087291,5195.276035222905,9218.76462170697,117.43729491180169,1331.2529633663646,1331.2529633663646,965.288808319414,2.2114484409915875,0.2492611726383345,0.249261172638335,0.277,0.277,1722,1877,-1
FHOC,literature_cutoff,SQT,5,10,50,P07,4918.723929717922,4925.937112516872,9217.883907147218,117.88125379908647,1371.4906779306882,1371.4906779306882,964.3018849959766,2.2214518011930684,0.2515213101439311,0.25152131014393136,0.283,0.283,1716,1886,1437
FHOC,literature_cutoff,SQT,6,11,50,P07,5072.25699716195,5084.755744475062,9017.823707027885,116.42087481535266,1338.509994209341,1338.509994209341,982.974542921944,2.1915158291980488,0.24478805451710556,0.24478805451710556,0.282,0.282,1717,1874,1499
FHOC,literature_cutoff,SQT,7,14,50,P07,4355.107872133301,4363.769385086742,7417.332371320517,112.92184568395201,1321.2485505468335,1321.2485505468335,930.5047043247993,2.1287148465095855,0.2309595768476212,0.230959576847621,0.295,0.295,1704,1882,1486
FHOC,literature_cutoff,SQT,8,16,50,P07,4853.107929042215,4859.409414386319,7948.941991297703,118.72245598998802,1337.4293952534836,1337.4293952534836,947.5905035034126,2.24393668003179,0.25663872701284873,0.25663872701284957,0.295,0.295,1704,1870,1403
FHOC,literature_cutoff,SQT,9,18,50,P07,6503.310610458567,6513.910453825583,11567.532181575487,113.94576586708256,1422.7009464631142,1422.7009464631142,980.9303894640233,2.149751944685958,0.23554706542716913,0.23554706542716983,0.259,0.259,1740,1878,1625
FHOC,literature_cutoff,SQT,10,21,50,P07,5544.095024240173,5553.308950177085,9666.16437428462,115.58558201527448,1406.4698931540822,1406.4698931540822,967.8212636327503,2.1827829250157893,0.24284104473702778,0.24284104473702786,0.269,0.269,1730,1887,1310
FHOC,literature_cutoff,SQT,1,4,50,P08,852.8200349294979,853.7571929609011,2326.794531100779,108.26771624604669,964.6289772601659,964.6289772601659,736.8781707990056,1.954801654424407,0.1947629718725993,0.19476297187259956,0.545,0.545,1454,1910,-1
FHOC,literature_cutoff,SQT,2,5,50,P08,830.0749460996681,830.4607294177268,2601.499833989714,108.24176082773741,989.0958227062243,989.0958227062243,724.9203796833118,1.949341134383535,0.19367639440365375,0.19367639440365375,0.594,0.594,1405,1911,-1
FHOC,literature_cutoff,SQT,3,6,50,P08,756.8538184745203,757.4259423695709,1750.0411372317467,106.28912840268495,941.14245250503,941.14245250503,725.94840140452,1.9163116153768063,0.18716871596473314,0.1871687159647336,0.576,0.576,1423,1908,-1
FHOC,literature_cutoff,SQT,4,7,50,P08,754.5414700140872,754.5921362399625,2723.0062166096177,106.07366711407411,994.0597512819455,994.0597512819455,712.9503655654665,1.9050849023281748,0.18498208384703116,0.18498208384703094,0.644,0.644,1355,1910,-1
FHOC,literature_cutoff,SQT,5,8,50,P08,734.4514594053329,734.4253276539367,2759.377601829183,105.11528518901243,978.5113278870022,978.5113278870022,707.5022266882954,1.8908222939745307,0.18222267825642746,0.18222267825642766,0.648,0.648,1351,1913,-1
FHOC,literature_cutoff,SQT,6,13,50,P08,642.370004077416,642.4846351653711,1763.0788539103232,104.56532627982868,919.5211317696821,919.5211317696821,706.04756878768,1.883253454009267,0.18076674679091914,0.1807667467909199,0.643,0.643,1356,1907,-1
FHOC,literature_cutoff,SQT,7,16,50,P08,887.6752853382711,888.1801288735293,2124.476813338406,104.50622458654112,980.0835314139724,980.0835314139724,733.4537940862353,1.8841281976025412,0.1809347127931193,0.18093471279311926,0.541,0.541,1458,1906,-1
FHOC,literature_cutoff,SQT,8,17,50,P08,758.5000840253575,758.7718951246125,1560.0773156775977,107.15454821613396,957.7874969249912,957.7874969249912,717.4423613721494,1.932250816690546,0.1902952710805954,0.19029527108059552,0.611,0.611,1388,1911,-1
FHOC,literature_cutoff,SQT,9,20,50,P08,873.8425672046961,874.0550449024115,2792.324298386229,106.31330635156924,980.0922830363155,980.0922830363155,727.162983872548,1.9179586793378487,0.18749059610842939,0.18749059610842947,0.569,0.569,1430,1906,-1
FHOC,literature_cutoff,SQT,10,21,50,P08,794.288622992542,794.696923906954,2143.601268947881,107.6088572337742,951.6444042256205,951.6444042256205,724.5725740024867,1.9471743191664144,0.19324606672890873,0.19324606672890843,0.57,0.57,1429,1902,-1
FHOC,literature_cutoff,SQT,1,3,50,P09,2360.2160923998063,2362.6252766900698,7263.136993325315,150.46133558920874,1310.4598774786357,1310.4598774786357,1036.705912635844,2.384791469791048,0.2898690292756446,0.28986902927564484,0.382,0.382,3235,3834,2880
FHOC,literature_cutoff,SQT,2,6,50,P09,1919.283211762384,1919.938640557804,5181.728323839721,148.667895671169,1259.2215777970698,1259.2215777970698,986.4381998398778,2.3586935193431606,0.28355938420955273,0.2835593842095526,0.409,0.409,3181,3837,-1
FHOC,literature_cutoff,SQT,3,7,50,P09,2028.5500489214555,2029.7430267502632,5450.722325160634,147.7044588875928,1259.1932163297995,1259.1932163297995,997.4373518793394,2.3421360428299867,0.2795923161632675,0.27959231616326763,0.3995,0.3995,3200,3834,-1
FHOC,literature_cutoff,SQT,4,11,50,P09,3881.542246514761,3887.425166667669,6591.708070758032,151.34404519939045,1118.2122193620798,1251.9666004304156,1007.7021042195261,2.4050819993924386,0.29482260060150506,0.2948226006015055,0.405,0.405,3189,3453,2805
FHOC,literature_cutoff,SQT,5,13,50,P09,3488.819602006053,3492.9933582718613,5778.726281100884,148.42872044696142,1082.0214565403423,1234.844126241483,985.4011368363825,2.3595770226134043,0.28377185145999684,0.28377185145999595,0.414,0.414,3171,3433,2837
FHOC,literature_cutoff,SQT,6,14,50,P09,2001.659024890601,2002.6826484783526,3793.583609017078,144.49466155228768,1276.957504321134,1276.957504321134,971.7888306699788,2.2994327703693775,0.2694898606242911,0.26948986062429114,0.406,0.406,3187,3823,-1
FHOC,literature_cutoff,SQT,7,16,50,P09,2222.7194504733325,2224.4531252392876,5533.181607390172,144.96574538800678,1307.1732384436436,1307.1732384436436,1007.8255256719189,2.298799321772992,0.26934140274128276,0.26934140274128343,0.384,0.384,3231,3838,-1
FHOC,literature_cutoff,SQT,8,17,50,P09,2094.9155720518834,2095.8439257363098,4974.286363432882,143.9240339477619,1287.1791434667732,1287.1791434667732,981.6772102363393,2.2903172289904012,0.2673574418659669,0.26735744186596644,0.3975,0.3975,3204,3831,-1
FHOC,literature_cutoff,SQT,9,20,50,P09,1809.341912713988,1810.008854571503,4229.277099906583,141.7439139779615,1271.6750894000845,1271.6750894000845,954.691880717396,2.2481087230723635,0.25759392613425347,0.25759392613425347,0.431,0.431,3137,3841,-1
FHOC,literature_cutoff,SQT,10,21,50,P09,1766.9447103991477,1767.4534421749652,3212.5856405067025,151.85589233174704,1273.5169518841435,1273.5169518841435,955.2043875599659,2.421764085651573,0.29892667107807336,0.29892667107807386,0.441,0.441,3117,3837,-1
FHOC,literature_cutoff,SQT,1,2,50,P10,1940.6491662448204,1943.5960623447745,3867.30958427774,116.37195052298604,1087.6468317925237,1087.6468317925237,819.2417657655892,2.263764707726179,0.261194222831121,0.2611942228311208,0.376,0.376,1623,1917,1502
FHOC,literature_cutoff,SQT,2,4,50,P10,2062.6810476513933,2064.521905235019,4039.3974119283375,113.43724326589383,1094.0869703079268,1094.0869703079268,820.2397562528589,2.2020432773864216,0.24714549416323814,0.24714549416323836,0.365,0.365,1634,1912,-1
FHOC,literature_cutoff,SQT,3,5,50,P10,2077.755986087398,2079.202679581837,4476.267736113688,113.78028979112716,1123.9654510849514,1123.9654510849514,807.8178524752584,2.209187144314832,0.24875167373118873,0.2487516737311891,0.377,0.377,1622,1906,-1
FHOC,literature_cutoff,SQT,4,6,50,P10,1840.1012537072104,1840.783226010399,3998.8357884605066,112.50246217322065,1104.2719145723745,1104.2719145723745,790.2784933708563,2.1826832214743503,0.2428188606170055,0.24281886061700542,0.401,0.401,1598,1910,-1
FHOC,literature_cutoff,SQT,5,10,50,P10,2609.580316852079,2615.5054786056025,6817.006929692114,113.18280601174112,1123.4330643014096,1123.4330643014096,863.613778392992,2.1996172343419302,0.24660122210061375,0.24660122210061375,0.327,0.327,1672,1913,1548
FHOC,literature_cutoff,SQT,6,11,50,P10,2283.2475938515354,2285.6370757399127,4414.295017778117,113.10892492509974,1129.2568297155349,1129.2568297155349,827.9017411601453,2.201992997299484,0.24713420795901964,0.24713420795901972,0.352,0.352,1647,1913,-1
FHOC,literature_cutoff,SQT,7,12,50,P10,2094.1620511550886,2095.9586600474076,4099.372323008371,112.6750179689418,1109.1506269003255,1109.1506269003255,807.2435793587334,2.18968212902915,0.2443785844133349,0.24437858441333477,0.368,0.368,1631,1909,-1
FHOC,literature_cutoff,SQT,8,17,50,P10,2083.6471454934303,2086.3410341176004,3558.088520730147,112.36267400246103,1083.1898853110097,1083.1898853110097,814.8681813165789,2.1921698295480554,0.24493417745059887,0.24493417745059878,0.356,0.356,1643,1910,-1
FHOC,literature_cutoff,SQT,9,18,50,P10,1968.5487363875586,1971.4181451700824,3565.2328857578686,109.69702591561527,1074.7437131774693,1074.7437131774693,811.3996320907214,2.1303489652687113,0.23131430753422366,0.23131430753422388,0.372,0.372,1627,1908,1466
FHOC,literature_cutoff,SQT,10,21,50,P10,1859.6811953094102,1861.1406731230666,4475.0925544818165,109.38436744399213,1098.5661854711323,1098.5661854711323,792.9125640973972,2.11628020543366,0.22826921039298337,0.22826921039298348,0.396,0.396,1603,1915,-1
FHOC,literature_cutoff,SQT,1,3,50,P11,2956.537337072143,2958.773151171298,5908.682444692764,144.50852855527754,1442.3310811032036,1442.3310811032036,1055.9686065018386,2.197998676323015,0.2462384394045732,0.24623843940457366,0.351,0.351,1648,1914,-1
FHOC,literature_cutoff,SQT,2,4,50,P11,2736.079098962405,2737.718394661117,5861.346007093263,135.901771645718,1392.9898626181587,1392.9898626181587,1034.5829396837848,2.0616640858629074,0.21663908271849833,0.2166390827184984,0.356,0.356,1643,1911,-1
FHOC,literature_cutoff,SQT,3,8,50,P11,2610.4001711005344,2614.6111037287346,6097.002548017073,138.59905202458498,1369.7743824557062,1369.7743824557062,1045.2266782854706,2.10603281872727,0.226063926277081,0.22606392627708108,0.361,0.361,1638,1906,1488
FHOC,literature_cutoff,SQT,4,9,50,P11,2751.9142374808453,2754.2629707789765,4934.901587735396,136.5778891345824,1434.4361060952276,1434.4361060952276,1024.962724818111,2.076158001219715,0.21969582293723963,0.21969582293723972,0.361,0.361,1638,1908,-1
FHOC,literature_cutoff,SQT,5,12,50,P11,2567.724359088623,2579.9147437118195,7508.953949879331,147.0513565395913,1355.9315308193475,1355.9315308193475,1086.5339939389805,2.249751242221253,0.25797047155331654,0.2579704715533165,0.341,0.341,1658,1903,-1
FHOC,literature_cutoff,SQT,6,14,50,P11,2533.7928867309256,2538.187484838125,5274.573736151913,115.8755829473606,1298.7607372370435,1298.7607372370435,988.8047878178368,1.7577027302780144,0.15746783323276178,0.1574678332327619,0.345,0.345,1654,1898,-1
FHOC,literature_cutoff,SQT,7,15,50,P11,2461.1472719859166,2463.6396233158307,3711.655042728409,123.16810363120815,1374.9828338687664,1374.9828338687664,967.6302493573029,1.8678502338958125,0.17782183976884003,0.17782183976883997,0.388,0.388,1611,1897,-1
FHOC,literature_cutoff,SQT,8,17,50,P11,2541.06807812225,2548.349973871114,4629.289418725297,127.70278770514732,1353.7599413046946,1353.7599413046946,1018.9402060034776,1.938782707254632,0.19158401559376145,0.19158401559376145,0.345,0.345,1654,1904,-1
FHOC,literature_cutoff,SQT,9,18,50,P11,1952.7489025040052,1954.258007094803,3073.0325257255463,123.81176490544445,1326.7477663038708,1326.7477663038708,933.8038317682002,1.8797295743679623,0.18009089055828545,0.18009089055828523,0.441,0.441,1558,1892,-1
FHOC,literature_cutoff,SQT,10,19,50,P11,2231.792933762487,2238.037797252262,4457.002385224565,137.4480523730533,1327.2524814392102,1327.2524814392102,1031.23396612856,2.0886730040950066,0.22235244230556878,0.2223524423055687,0.368,0.368,1631,1911,-1
FHOC,literature_cutoff,SQT,1,5,50,P12,2581.3457059214215,2586.452217367485,4472.266168357222,144.2072947131126,1423.651580927181,1423.651580927181,1029.9217187605052,2.148985943608377,0.2353792347515997,0.23537923475160008,0.399,0.399,1600,1883,1465
FHOC,literature_cutoff,SQT,3,7,50,P12,2286.490222828124,2289.5042808897647,4186.3805137337185,144.55002449517553,1398.283629884201,1398.283629884201,1024.858259865401,2.1577557259310582,0.2373042697649474,0.2373042697649469,0.412,0.412,1587,1890,1394
FHOC,literature_cutoff,SQT,4,12,50,P12,2313.5975097479977,2317.589160111086,4517.296495496645,133.90706640359068,1388.6417243655897,1388.6417243655897,1011.8047902415724,1.9947627112286834,0.20280725148360895,0.20280725148360867,0.409,0.409,1590,1890,1377
FHOC,literature_cutoff,SQT,5,13,50,P12,2757.4734880989345,2758.536990039532,4600.919896334875,131.22634897735773,1431.2984826153877,1431.2984826153877,1006.4833487792066,1.9540091549696,0.19460508550993935,0.19460508550993943,0.373,0.373,1626,1882,-1
FHOC,literature_cutoff,SQT,6,15,50,P12,2604.3837270244944,2608.394230775594,4292.031839831092,138.0988157145328,1407.6224737563912,1407.6224737563912,1032.2231538824483,2.058115633133129,0.21589398365682874,0.21589398365682883,0.389,0.389,1610,1886,1414
FHOC,literature_cutoff,SQT,7,17,50,P12,2513.5347814415495,2514.3378870958927,5882.3533380348235,133.24938123237624,1467.4471150070262,1467.4471150070262,957.507743865349,1.9918249340710394,0.20221032456611113,0.20221032456611063,0.431,0.431,1568,1878,-1
FHOC,literature_cutoff,SQT,8,18,50,P12,2390.0328398941524,2391.128277090904,4727.308708815603,134.93544600040582,1415.7665466448354,1415.7665466448354,983.022654149518,2.008514947321896,0.20561326674900499,0.20561326674900463,0.421,0.421,1578,1884,-1
FHOC,literature_cutoff,SQT,9,19,50,P12,2403.279769820422,2406.8496425873195,4101.317931864527,126.66782928058757,1384.5948450365593,1384.5948450365593,996.8647378784752,1.8817723372712487,0.18048252443013751,0.18048252443013757,0.384,0.384,1615,1882,-1
FHOC,literature_cutoff,SQT,10,20,50,P12,2329.958201766669,2332.660979125807,5429.514160189312,130.89677121191704,1417.7935333621042,1417.7935333621042,978.8584819078822,1.9479124826666643,0.19339261162735003,0.1933926116273501,0.424,0.424,1575,1887,-1
FHOC,literature_cutoff,SQT,1,3,50,P13,2886.8589134522585,2890.1318568839633,5087.741510650318,121.64050997029274,1324.017704773392,1324.017704773392,992.059699005759,1.9797992748020437,0.19977600247230876,0.1997760024723088,0.322,0.322,1677,1910,-1
FHOC,literature_cutoff,SQT,2,4,50,P13,2551.061848345346,2558.926020821714,4367.730176527111,115.41840460226128,1257.3106909891626,1257.3106909891626,992.4340807735399,1.8770550090585387,0.1795787720199669,0.17957877201996683,0.319,0.319,1680,1900,-1
FHOC,literature_cutoff,SQT,3,5,50,P13,3389.274955635977,3395.6577637365317,6358.34048719774,128.90075202827813,1377.7439822581232,1377.7439822581232,1044.2500239818885,2.1115428875094326,0.22724838765502917,0.22724838765502925,0.306,0.306,1693,1910,1486
FHOC,literature_cutoff,SQT,4,7,50,P13,3795.245141185075,3800.9846918580697,7683.629177363124,128.64687357604885,1393.036854981594,1393.036854981594,1046.5735752614678,2.108091375299228,0.226506077808919,0.22650607780891918,0.297,0.297,1702,1905,1494
FHOC,literature_cutoff,SQT,5,8,50,P13,3695.099487047779,3701.075479391618,7569.767266439565,128.8248875194669,1365.0496472874731,1365.0496472874731,1040.365764602708,2.1076165062227603,0.22640404369534323,0.2264040436953438,0.3,0.3,1699,1900,1532
FHOC,literature_cutoff,SQT,6,10,50,P13,2375.079780354503,2385.3176403373577,6524.926829732722,133.54661466749124,1246.8131461436933,1246.8131461436933,999.4039645165781,2.1937121843520333,0.2452789575828017,0.2452789575828016,0.346,0.346,1653,1906,1472
FHOC,literature_cutoff,SQT,7,13,50,P13,1681.172095572682,1685.0224522556646,3555.5101321120746,130.21048329185433,1177.609384747354,1177.609384747354,921.0007549904037,2.141528815463175,0.23374850496733476,0.2337485049673351,0.406,0.406,1593,1912,1450
FHOC,literature_cutoff,SQT,8,15,50,P13,2166.5889682597763,2171.2629725109327,3692.9634364896338,126.11468591171409,1213.6219113629897,1213.6219113629897,950.3548318540063,2.068709031412926,0.21812217414115226,0.21812217414115226,0.348,0.348,1651,1908,-1
FHOC,literature_cutoff,SQT,9,18,50,P13,2015.056268188493,2018.490010029847,4926.752760641277,130.3931466373409,1199.8282205564985,1199.8282205564985,943.9744580564957,2.1342133188997465,0.2321542553806866,0.23215425538068687,0.384,0.384,1615,1904,1490
FHOC,literature_cutoff,SQT,10,22,50,P13,2033.2543314923153,2038.050302381918,3696.1316596243414,119.1778010620838,1196.033346700777,1196.033346700777,930.6074388143426,1.947255819655538,0.1932622439950235,0.1932622439950231,0.361,0.361,1638,1907,-1
FHOC,literature_cutoff,SQT,1,2,50,P14,1734.6872162531909,1736.340619470953,3662.7751239626086,128.19820400996,1177.7896353897913,1177.7896353897913,906.5067673176145,2.118244162368955,0.2286930851891007,0.2286930851891005,0.417,0.417,1582,1904,-1
FHOC,literature_cutoff,SQT,2,3,50,P14,1789.162185427735,1790.2820692137855,3359.912499876984,130.97417110579215,1180.357033433226,1180.357033433226,917.5542401058981,2.1694281751456934,0.23987862421590078,0.2398786242159007,0.401,0.401,1598,1912,-1
FHOC,literature_cutoff,SQT,3,6,50,P14,1504.818388943782,1505.4685582910408,2555.65181595576,127.84731911670124,1168.0618182471494,1168.0618182471494,870.1207531406045,2.1171213702206106,0.22845070826935757,0.22845070826935748,0.457,0.457,1542,1904,-1
FHOC,literature_cutoff,SQT,4,8,50,P14,1606.129826112367,1607.0433863032579,2572.695189986669,126.92874017891324,1167.9098776624282,1167.9098776624282,885.4092458833818,2.0998999407198564,0.22474922329435554,0.22474922329435595,0.436,0.436,1563,1907,-1
FHOC,literature_cutoff,SQT,5,9,50,P14,1627.5870317266522,1628.6477047346532,2296.740717593697,127.31512878278335,1180.4213355089732,1180.4213355089732,883.3419046283434,2.1081499015917085,0.2265186548206488,0.2265186548206496,0.437,0.437,1562,1906,-1
FHOC,literature_cutoff,SQT,6,10,50,P14,1562.9495886277189,1563.5644689809367,2860.2368759270175,125.44513409308927,1154.6834188999558,1154.6834188999558,879.1677597916598,2.0772317905358837,0.21992313514846654,0.2199231351484669,0.44,0.44,1559,1905,-1
FHOC,literature_cutoff,SQT,7,12,50,P14,1507.2639867785128,1508.5327429958236,3022.743448607798,123.34984389462501,1139.1402827700829,1139.1402827700829,875.2876187919941,2.043678583559536,0.2128757468348579,0.21287574683485871,0.437,0.437,1562,1908,-1
FHOC,literature_cutoff,SQT,8,17,50,P14,1514.1599174542232,1515.5076603837388,2711.28108682076,121.5860933175983,1130.706670943613,1130.706670943613,870.8378898350126,2.0151640793886845,0.2069768739479329,0.2069768739479329,0.434,0.434,1565,1905,-1
FHOC,literature_cutoff,SQT,9,19,50,P14,1268.652496973955,1269.9473872886606,2873.3973279311904,118.27271186150753,1078.2052421604405,1078.2052421604405,853.3016694874881,1.956229201321679,0.195047537619962,0.19504753761996205,0.455,0.455,1544,1908,-1
FHOC,literature_cutoff,SQT,10,23,50,P14,1316.2837590680997,1317.145840136745,2323.5652393279015,122.15180968029713,1119.9813904531177,1119.9813904531177,852.0460865274629,2.023491505863288,0.2086910231549886,0.20869102315498883,0.466,0.466,1533,1914,-1
FHOC,literature_cutoff,SQT,1,3,50,P15,1815.5380818512751,1821.3266378459202,6189.1100156314205,103.05343054909142,999.5252941348764,999.5252941348764,836.0622238554266,1.9751051076910555,0.19882977504726276,0.19882977504726287,0.345,0.345,1654,1921,1457
FHOC,literature_cutoff,SQT,2,4,50,P15,1876.4762702744674,1882.4705080109727,5440.5670674552675,105.76973272869488,1016.3840478508655,1016.3840478508655,828.9368198810355,2.0363427947737485,0.2113502537118736,0.2113502537118736,0.345,0.345,1654,1917,1487
FHOC,literature_cutoff,SQT,3,7,50,P15,1808.884563425935,1814.4138655298734,5039.670584594656,105.00930762342718,1030.2991679023569,1030.2991679023569,830.3692099313884,2.013185376303617,0.20657060954957882,0.20657060954957882,0.357,0.357,1642,1923,1478
FHOC,literature_cutoff,SQT,4,10,50,P15,2488.8670703335606,2496.681766946707,7537.975259395782,100.98654753977921,1051.657668689798,1051.657668689798,863.1397018739582,1.932697690578644,0.1903833008750267,0.1903833008750266,0.313,0.313,1686,1906,1524
FHOC,literature_cutoff,SQT,5,11,50,P15,2184.7114464044307,2190.9247281029643,5100.8346147002885,103.12048561226969,1079.7324358092199,1079.7324358092199,835.3373265109394,1.976994696051859,0.19921039899170143,0.19921039899170156,0.337,0.337,1662,1914,1515
FHOC,literature_cutoff,SQT,6,12,50,P15,2431.6730709651833,2435.874958473779,5043.439805170812,96.57232061292781,1078.0464223011195,1078.0464223011195,830.845569949066,1.8498067590484888,0.17440290753422394,0.17440290753422366,0.314,0.314,1685,1911,-1
FHOC,literature_cutoff,SQT,7,13,50,P15,2100.268142279492,2104.1345758482917,4450.727967980783,99.95037206610542,1041.3217535365784,1041.3217535365784,824.4702265767629,1.9154853747907894,0.18700735071546434,0.1870073507154646,0.33,0.33,1669,1912,-1
FHOC,literature_cutoff,SQT,8,16,50,P15,2101.975018728543,2105.3166103809535,3661.9319417488878,104.74371977373671,1092.9474767276263,1092.9474767276263,816.3709303294324,2.012317283589463,0.20639249999148188,0.2063924999914818,0.355,0.355,1644,1914,1476
FHOC,literature_cutoff,SQT,9,18,50,P15,2459.718160539893,2463.115202451602,4637.463009859843,100.99500195103045,1089.2898798946615,1089.2898798946615,836.1369065765648,1.9377356278024782,0.19137713370311232,0.19137713370311274,0.311,0.311,1688,1911,-1
FHOC,literature_cutoff,SQT,10,20,50,P15,2499.92937606198,2503.474562188116,5103.929002275865,104.59192611612649,1093.2569803546082,1093.2569803546082,842.6768677780714,2.0091987279039962,0.2057532888996451,0.20575328889964498,0.319,0.319,1680,1909,1488
FHOC,literature_cutoff,SQT,1,3,50,P16,5435.656901787087,5446.352995363176,10844.656474610907,129.0071077270944,1518.2049944707965,1518.2049944707965,1161.7011612709673,1.9452166185475894,0.19285768058479702,0.19285768058479744,0.269,0.269,1730,1880,-1
FHOC,literature_cutoff,SQT,2,6,50,P16,5344.82973469756,5351.772779682946,10579.890445492114,138.3550698913023,1497.7050551670984,1497.7050551670984,1122.5318840244895,2.1016903402572917,0.22513263436956218,0.22513263436956238,0.292,0.292,1707,1862,-1
FHOC,literature_cutoff,SQT,3,7,50,P16,8272.176594366318,8288.657602957477,16038.07716198254,129.42969762915732,1610.505451234186,1610.505451234186,1169.0272850020492,1.9650793334986112,0.19681634999711242,0.19681634999711267,0.255,0.255,1744,1862,-1
FHOC,literature_cutoff,SQT,4,8,50,P16,8022.222854192622,8032.623713047273,15712.482761566876,131.54157668317004,1613.6691451333938,1613.6691451333938,1176.5432167381587,1.996190992364572,0.20309778175318322,0.20309778175318344,0.256,0.256,1743,1867,1627
FHOC,literature_cutoff,SQT,5,9,50,P16,7177.336937655903,7190.08575775318,14435.364421580685,131.43203839735685,1609.0106001517015,1609.0106001517015,1163.456774405193,1.9950184693203827,0.20285926059783094,0.20285926059783094,0.263,0.263,1736,1868,1589
FHOC,literature_cutoff,SQT,6,10,50,P16,7104.292143411382,7111.537270346097,13253.102578072227,131.89493441133123,1590.6778527431482,1590.6778527431482,1151.1115583074793,2.0028559532636265,0.20445626755981397,0.20445626755981397,0.269,0.269,1730,1864,1601
FHOC,literature_cutoff,SQT,7,14,50,P16,7937.683831449102,7947.313382360593,15945.663813423365,133.34359838375795,1639.4930963178085,1639.4930963178085,1171.9485795131134,2.027400720285839,0.20949814885909984,0.20949814885910029,0.256,0.256,1743,1868,-1
FHOC,literature_cutoff,SQT,8,15,50,P16,7429.301856366187,7437.843117896734,14247.657941724989,131.24167740669574,1600.5171931160562,1600.5171931160562,1151.9146198297613,1.9921561608416796,0.20227758252698572,0.20227758252698594,0.264,0.264,1735,1864,-1
FHOC,literature_cutoff,SQT,9,16,50,P16,5161.4672746892375,5167.162731956594,11227.86565171997,130.62345731221953,1511.5521401326575,1511.5521401326575,1116.6541145696042,1.978005722626338,0.1994142017707717,0.19941420177077188,0.287,0.287,1712,1875,-1
FHOC,literature_cutoff,SQT,10,17,50,P16,6804.479885404592,6813.813231352558,13316.704766368144,134.21168583491743,1582.721893305615,1582.721893305615,1151.6832711751695,2.0375358749480807,0.21159798377678088,0.211597983776781,0.275,0.275,1724,1863,1546
FHOC,literature_cutoff,SQT,1,5,50,P17,3585.9795101716495,3589.2731566412185,6695.6393472366035,109.74290238018115,1264.1819685426874,1264.1819685426874,933.2019529484359,1.9038989671998428,0.1847518489961584,0.18475184899615857,0.303,0.303,1696,1888,1570
FHOC,literature_cutoff,SQT,2,8,50,P17,4874.843670215069,4881.175405503083,8629.217983220355,109.15436893204537,1346.4920708071963,1346.4920708071963,971.814924096035,1.8962308958783896,0.1832666468136473,0.18326664681364724,0.271,0.271,1728,1884,-1
FHOC,literature_cutoff,SQT,3,10,50,P17,3484.850647867108,3491.959507048723,6421.8068723144825,103.72410349470248,1249.5956211637574,1249.5956211637574,931.8557487608841,1.798503203274404,0.16486308726749704,0.16486308726749688,0.301,0.301,1698,1890,1562
FHOC,literature_cutoff,SQT,4,11,50,P17,2916.8014802614452,2922.6560263185593,4717.279048548371,107.40996006651703,1245.6835966835401,1245.6835966835401,916.0608352687461,1.8633860931462354,0.176972871158552,0.17697287115855193,0.322,0.322,1677,1901,-1
FHOC,literature_cutoff,SQT,5,12,50,P17,3965.2903321492813,3972.9574429003633,6771.78619049245,108.93221732598238,1251.1263540375,1251.1263540375,932.308969000264,1.8898691027125565,0.18203900231333145,0.18203900231333175,0.304,0.304,1695,1866,-1
FHOC,literature_cutoff,SQT,6,14,50,P17,4741.842511030516,4750.202801010028,7662.975518128369,103.4416005735111,1359.8221100928836,1359.8221100928836,959.3542355951485,1.792752656609998,0.16381050396443453,0.1638105039644343,0.275,0.275,1724,1889,1590
FHOC,literature_cutoff,SQT,7,17,50,P17,4363.373396323793,4368.132222489417,6873.20437490358,100.82430375109332,1281.1998702207825,1281.1998702207825,917.5611383335037,1.7487112430096576,0.15586090781999906,0.1558609078199992,0.293,0.293,1706,1869,-1
FHOC,literature_cutoff,SQT,8,18,50,P17,3995.8221409587104,4001.086064434339,7194.693034574215,107.11767765632365,1328.74987755262,1328.74987755262,949.4118727710968,1.85546511816058,0.17547149871104253,0.17547149871104273,0.301,0.301,1698,1879,1498
FHOC,literature_cutoff,SQT,9,19,50,P17,3536.78453693506,3539.9968847682185,6063.6841042864835,104.78368654431966,1264.9849948523272,1264.9849948523272,907.7249118862806,1.818202065460783,0.16849432980865733,0.16849432980865736,0.308,0.308,1691,1884,-1
FHOC,literature_cutoff,SQT,10,20,50,P17,3819.393228613486,3822.3154782530114,7389.87669796875,104.12408751526014,1267.3185352568046,1267.3185352568046,913.3952064842333,1.8082922283651401,0.1666626291114049,0.1666626291114051,0.3,0.3,1699,1879,-1
FHOC,literature_cutoff,SQT,1,5,50,P18,2129.4559025408457,2132.9157726355656,5591.680582005705,140.98986015958542,1282.8144918591454,1282.8144918591454,996.1697502776169,2.215454434328008,0.25016505354656643,0.25016505354656626,0.381,0.381,1618,1915,-1
FHOC,literature_cutoff,SQT,2,6,50,P18,2304.264863074688,2306.172810492736,4405.897111343977,140.28306171760426,1325.4587754873662,1325.4587754873662,1000.8457548208772,2.201257432733282,0.24696912768417534,0.2469691276841755,0.377,0.377,1622,1915,-1
FHOC,literature_cutoff,SQT,3,7,50,P18,2085.70963682279,2087.4387006789484,5416.3759248144925,142.7746559229027,1276.1899261061717,1276.1899261061717,994.5898344629531,2.246743174563215,0.25728108524191606,0.25728108524191606,0.385,0.385,1614,1916,-1
FHOC,literature_cutoff,SQT,4,8,50,P18,2199.2647180718213,2200.933343189296,5381.339290125237,142.7897876786431,1302.5371163942007,1302.5371163942007,999.9355427706872,2.241047743872557,0.25597833793660946,0.25597833793660996,0.383,0.383,1616,1915,-1
FHOC,literature_cutoff,SQT,5,9,50,P18,2632.3099221927473,2635.3649080118666,5623.793375447625,138.35511426655154,1343.6751625433046,1343.6751625433046,1020.3562085213747,2.1733490475714246,0.2407464873893791,0.24074648738937923,0.352,0.352,1647,1915,-1
FHOC,literature_cutoff,SQT,6,12,50,P18,2363.2666234381436,2365.6384536468,5092.803840729175,138.23832404008934,1310.872411716549,1310.872411716549,999.6314106753495,2.17514863071003,0.24114533973902744,0.24114533973902735,0.364,0.364,1635,1916,-1
FHOC,literature_cutoff,SQT,7,15,50,P18,2343.6542322144355,2344.5495082164575,4355.347652723314,136.63219707252384,1340.7871674284984,1340.7871674284984,992.7432105460906,2.142607616249075,0.23398406713601136,0.23398406713601122,0.376,0.376,1623,1920,-1
FHOC,literature_cutoff,SQT,8,16,50,P18,2486.6972481735215,2489.372643303373,6257.841133882233,139.35558680046864,1337.167714609132,1337.167714609132,1019.1168640831517,2.184429063032275,0.24320745827829068,0.2432074582782908,0.361,0.361,1638,1915,-1
FHOC,literature_cutoff,SQT,9,17,50,P18,2496.0161270296985,2497.6824850702524,5101.927785633947,139.84546664254773,1338.0147984619578,1338.0147984619578,1018.5939627002592,2.1963167909111174,0.2458617454657548,0.24586174546575537,0.358,0.358,1641,1922,-1
FHOC,literature_cutoff,SQT,10,24,50,P18,2616.794084213302,2621.1789114054973,5034.667053926212,138.27161166841947,1337.190467176173,1337.190467176173,1028.5395806297313,2.171176596920596,0.24026543399672276,0.24026543399672262,0.346,0.346,1653,1908,-1
FHOC,literature_cutoff,SQT,1,2,50,P19,2721.8162703399366,2723.7713140237397,4582.316645225976,123.3889323016294,1425.6828293032202,1425.6828293032202,1019.1155854373332,1.7673707552321993,0.15920486169470105,0.15920486169470113,0.39,0.39,1609,1867,1428
FHOC,literature_cutoff,SQT,2,4,50,P19,3292.4936715492126,3296.7836688109473,5088.9588490021415,127.55601313379803,1511.1961200576288,1511.1961200576288,1053.503208679583,1.8271084035300489,0.17014908859582692,0.17014908859582703,0.368,0.368,1631,1875,1453
FHOC,literature_cutoff,SQT,3,6,50,P19,3576.8847003652727,3580.6954888755863,4999.380838290905,126.81952287797603,1500.1063084647087,1500.1063084647087,1069.3824260717654,1.8181071375313616,0.1684767361642447,0.16847673616424452,0.35,0.35,1649,1870,1455
FHOC,literature_cutoff,SQT,4,8,50,P19,3688.967839341492,3692.93131458006,5943.318705850048,128.9452838580594,1518.253152808382,1518.253152808382,1077.620426358608,1.8496183154671308,0.1743673757854978,0.1743673757854977,0.347,0.347,1652,1866,1416
FHOC,literature_cutoff,SQT,5,10,50,P19,3096.064076333753,3097.593964299104,6105.708690233994,125.71796477945469,1470.07054623567,1470.07054623567,1025.6098908612382,1.8037699609325135,0.16583007502357192,0.16583007502357205,0.376,0.376,1623,1870,-1
FHOC,literature_cutoff,SQT,6,11,50,P19,4814.2710477042265,4820.576647197225,8526.264178611804,122.03840026524918,1530.8183580044235,1530.8183580044235,1096.7305560371653,1.7494766269854656,0.1559973735152111,0.15599737351521117,0.321,0.321,1678,1851,1438
FHOC,literature_cutoff,SQT,7,12,50,P19,4381.220328326532,4388.730277458752,6852.161081943195,122.78976360901997,1539.7314781564928,1539.7314781564928,1096.131960821321,1.7574303016241972,0.15741902472308444,0.15741902472308456,0.32,0.32,1679,1865,1519
FHOC,literature_cutoff,SQT,8,13,50,P19,3775.4348162120245,3782.1932766037057,5711.84930401505,122.66139873415278,1482.9325881154828,1482.9325881154828,1077.506722291962,1.759496202995619,0.1577893419141692,0.15778934191416905,0.341,0.341,1658,1863,1416
FHOC,literature_cutoff,SQT,9,15,50,P19,4194.073637992091,4204.832603394603,6329.970340320258,121.01972588551045,1492.6802426132333,1492.6802426132333,1086.113341462089,1.7378778054214807,0.15393574243509592,0.15393574243509575,0.323,0.323,1676,1855,1507
FHOC,literature_cutoff,SQT,10,16,50,P19,4605.947277674504,4611.043163918485,7526.003933485015,124.57164738342956,1537.6917953199854,1537.6917953199854,1099.5662383085719,1.7855760555645184,0.16250162335399304,0.16250162335399318,0.323,0.323,1676,1855,1428
FHOC,literature_cutoff,SQT,1,3,50,P20,2245.8991442976367,2249.1384003365547,3481.7630812550196,176.3988005730927,1576.1304738097474,1576.1304738097474,1243.8702980140777,2.094063949973089,0.223501724086488,0.2235017240864879,0.406,0.406,1593,1881,-1
FHOC,literature_cutoff,SQT,2,5,50,P20,2500.616705452779,2505.0491335677325,4470.4615881283535,167.48011525525092,1579.8304830397342,1579.8304830397342,1252.9041028003799,1.9785159686668534,0.19951709675177048,0.19951709675177048,0.401,0.401,1598,1878,-1
FHOC,literature_cutoff,SQT,3,7,50,P20,2605.8691536395036,2608.6532777887387,5983.927648527431,167.77284044671435,1660.7791709455826,1660.7791709455826,1235.2175604800336,1.976236142804317,0.19905755821233864,0.19905755821233878,0.423,0.423,1576,1874,-1
FHOC,literature_cutoff,SQT,4,9,50,P20,2465.2260272486346,2467.8117772307783,4807.669234056375,166.89014907554514,1587.9275668947037,1587.9275668947037,1247.5949249376156,1.9694607614278117,0.19769498933760526,0.19769498933760568,0.391,0.391,1608,1884,-1
FHOC,literature_cutoff,SQT,5,10,50,P20,2776.3566794600397,2780.8890232765543,6314.22638633335,164.62294883615218,1592.7950141770768,1592.7950141770768,1261.4838127773721,1.9479188634634055,0.19339387862571686,0.19339387862571714,0.379,0.379,1620,1881,-1
FHOC,literature_cutoff,SQT,6,11,50,P20,2337.605129597198,2340.355364957671,3584.0305123828584,170.15144139695673,1589.4807432376394,1589.4807432376394,1234.4260703756504,2.013294688468474,0.20659304294675684,0.20659304294675704,0.422,0.422,1577,1879,-1
FHOC,literature_cutoff,SQT,7,14,50,P20,1894.1442792588725,1898.6457478533162,5847.205390190124,171.35689984448865,1486.7728836181175,1486.7728836181175,1248.4485224316734,2.0261935637179485,0.2092487440189623,0.20924874401896257,0.434,0.434,1565,1886,1333
FHOC,literature_cutoff,SQT,8,16,50,P20,4741.74895372556,4750.705719915882,7680.466180579038,169.23285309665008,1487.301775868817,1487.301775868817,1268.802504854006,2.000507606207549,0.2039770990058235,0.2039770990058236,0.404,0.404,1595,1727,1331
FHOC,literature_cutoff,SQT,9,19,50,P20,4670.859016867774,4686.376029588711,6847.300715358346,163.18568853794065,1472.6240883810444,1472.6240883810444,1268.4916562600097,1.923673368450153,0.1886095427362058,0.18860954273620584,0.405,0.405,1594,1718,-1
FHOC,literature_cutoff,SQT,10,21,50,P20,1841.1300521862395,1846.363986613134,5734.545210179291,172.69724428045802,1494.80540092037,1494.80540092037,1264.9004885250924,2.043925878819719,0.2129272679973986,0.21292726799739814,0.39,0.39,1609,1891,-1
FHOC,literature_cutoff,SQT,1,2,50,P21,2010.5092303189335,2014.4720782025115,4065.0453436580137,120.96866463538774,1078.7780957295015,1078.7780957295015,851.4924013835657,2.3278717359354735,0.2761970855742729,0.2761970855742728,0.369,0.369,1630,1903,1480
FHOC,literature_cutoff,SQT,2,3,50,P21,1725.1519931957002,1727.2701450731888,3566.882129642414,117.19914341440193,1057.801534026632,1057.801534026632,806.7306918495319,2.2562823087145945,0.25947043102030887,0.25947043102030964,0.4,0.4,1599,1908,-1
FHOC,literature_cutoff,SQT,3,5,50,P21,1897.9732020243493,1902.803006479961,5036.114319105633,123.0481417450544,1052.6508103778044,1052.6508103778044,856.5404946078955,2.3675487801262114,0.2856925191782422,0.2856925191782424,0.371,0.371,1628,1911,1481
FHOC,literature_cutoff,SQT,4,6,50,P21,1980.1300836435325,1982.1872818634206,4311.282476420805,117.61900178482193,1094.0257149403183,1094.0257149403183,825.1062921466498,2.265078087332937,0.2614973874472903,0.26149738744728984,0.372,0.372,1627,1907,-1
FHOC,literature_cutoff,SQT,5,7,50,P21,1788.2739578682495,1788.370410529032,3190.76431051275,119.73370564155914,1105.0252834205098,1105.0252834205098,789.0478317316762,2.310374143505646,0.27206058526908494,0.2720605852690849,0.419,0.419,1580,1903,-1
FHOC,literature_cutoff,SQT,6,8,50,P21,2092.947978985931,2096.843486325447,3375.7119628516375,115.58322055359005,1098.8994457835945,1098.8994457835945,829.0398115508044,2.22510673323652,0.2523496419110346,0.2523496419110345,0.363,0.363,1636,1901,-1
FHOC,literature_cutoff,SQT,7,10,50,P21,1819.9464411964732,1821.2427319463611,2901.9691422374453,119.9472313844356,1110.0837961455295,1110.0837961455295,803.8561922062886,2.3104481678124857,0.27207801917166524,0.27207801917166524,0.406,0.406,1593,1907,-1
FHOC,literature_cutoff,SQT,8,11,50,P21,1927.4446320982615,1928.7405708507847,3219.089746470214,117.93973196930527,1119.625335235524,1119.625335235524,796.5796663690829,2.2729084598791798,0.26330850494344266,0.26330850494344316,0.402,0.402,1597,1896,-1
FHOC,literature_cutoff,SQT,9,16,50,P21,1977.8788198084374,1979.7793373696825,4867.897695043008,117.29552298019605,1095.5406872706735,1095.5406872706735,813.7037236238605,2.259345727432975,0.2601754901156798,0.2601754901156792,0.391,0.391,1608,1896,-1
FHOC,literature_cutoff,SQT,10,18,50,P21,1968.7337472112517,1971.0603243009127,2959.8054601778276,117.96234872027938,1088.7517988884913,1088.7517988884913,821.0518236533723,2.274768492946652,0.26373963794611527,0.26373963794611555,0.37,0.37,1629,1904,-1
FHOC,literature_cutoff,SQT,1,2,50,P22,4790.967606932034,4808.106550037543,8065.172297177371,121.44335709066095,1474.571472790065,1474.571472790065,1094.3522796100094,1.9300193309166822,0.18985599478654827,0.18985599478654877,0.295,0.295,1704,1881,1465
FHOC,literature_cutoff,SQT,2,4,50,P22,3138.520010141041,3147.7462124071535,5264.1419223522535,128.56507089624992,1402.330605777733,1402.330605777733,1033.449402514793,2.0424149146983663,0.21261257307759096,0.2126125730775908,0.336,0.336,1663,1897,1481
FHOC,literature_cutoff,SQT,3,5,50,P22,4062.656433199087,4075.85339350901,9864.336224361847,132.27104029454097,1440.4988379625975,1440.4988379625975,1103.989467694833,2.10186223158278,0.22516946180194417,0.22516946180194464,0.307,0.307,1692,1896,1501
FHOC,literature_cutoff,SQT,4,10,50,P22,2747.182315764765,2755.435220324236,4878.015928337234,130.83356077732333,1349.4241804016872,1349.4241804016872,1043.9842763702181,2.0711428129275915,0.21863570599090804,0.21863570599090804,0.343,0.343,1656,1906,1487
FHOC,literature_cutoff,SQT,5,12,50,P22,2645.0053218442154,2651.114949846162,4354.3433232980315,135.9531750869851,1352.7138406088357,1352.7138406088357,1014.2057943311924,2.1612037321490845,0.2380632809304348,0.23806328093043505,0.358,0.358,1641,1911,1453
FHOC,literature_cutoff,SQT,6,16,50,P22,2891.030621467312,2895.295555191342,4863.717115676147,136.7685894798422,1354.0934591686491,1354.0934591686491,1019.0411712578401,2.174339424447186,0.24096594967917026,0.24096594967917026,0.348,0.348,1651,1903,-1
FHOC,literature_cutoff,SQT,7,17,50,P22,3068.5050168865628,3076.6897653654228,5313.248035338998,138.20106144922173,1367.6430801090069,1367.6430801090069,1046.028223802287,2.191356937911045,0.24475256010860713,0.2447525601086074,0.341,0.341,1658,1898,1498
FHOC,literature_cutoff,SQT,8,18,50,P22,2937.948142792647,2947.1443162057176,5508.5672806867515,134.6330432543466,1338.7146091225554,1338.7146091225554,1042.4160812905268,2.1356856664619652,0.23247468225948464,0.23247468225948423,0.346,0.346,1653,1894,1475
FHOC,literature_cutoff,SQT,9,19,50,P22,3060.8481820073584,3069.742125930064,5166.4246436729445,134.84090135947565,1381.8741075305904,1381.8741075305904,1048.887215206641,2.1411085774882785,0.2336567757693109,0.23365677576931107,0.335,0.335,1664,1902,1515
FHOC,literature_cutoff,SQT,10,21,50,P22,2931.385489417282,2940.0753619826223,4628.960887200374,131.03436751006674,1352.4949477571388,1352.4949477571388,1033.174755824725,2.077301658433293,0.21993792967021963,0.21993792967021994,0.336,0.336,1663,1892,-1
FHOC,literature_cutoff,SQT,1,4,50,P23,2688.136783161505,2690.978749130272,5884.887780305988,128.18399935097955,1283.6995825095746,1283.6995825095746,975.0286330100001,2.100238091268807,0.22482161264100103,0.22482161264100126,0.343,0.343,1656,1901,-1
FHOC,literature_cutoff,SQT,2,5,50,P23,2699.617741966152,2704.0642582634623,4695.684394628333,128.7365203708908,1285.9083672705822,1285.9083672705822,982.3672763167651,2.1032820755439863,0.22547377621328332,0.22547377621328332,0.352,0.352,1647,1895,1472
FHOC,literature_cutoff,SQT,3,7,50,P23,2714.2104287147185,2717.0370151616808,5381.91724860284,129.2521394762084,1273.6556305679985,1273.6556305679985,969.0059380610428,2.1174542056676806,0.22852254399081282,0.22852254399081304,0.356,0.356,1643,1887,-1
FHOC,literature_cutoff,SQT,4,10,50,P23,2717.273446786301,2723.0530118493284,6034.316542328859,134.297082156552,1257.1472679293006,1257.1472679293006,992.0748373706525,2.215884829397816,0.25026226183258865,0.250262261832589,0.348,0.348,1651,1881,1503
FHOC,literature_cutoff,SQT,5,11,50,P23,3076.854957617683,3082.920067068254,6171.120667384006,127.95288161972171,1283.24410629113,1283.24410629113,998.4751644546362,2.093663597030149,0.22341627204532227,0.22341627204532227,0.331,0.331,1668,1880,-1
FHOC,literature_cutoff,SQT,6,12,50,P23,2549.885424673019,2554.294873622596,6171.06002275215,133.32177547536804,1236.7776973402977,1236.7776973402977,989.5423182598383,2.1876277063708374,0.24392023352096484,0.24392023352096467,0.368,0.368,1631,1874,1279
FHOC,literature_cutoff,SQT,7,13,50,P23,2721.742242953143,2725.3563841812747,6153.942810716573,127.65977586265593,1245.053920583767,1245.053920583767,971.7018567764677,2.0956591074853694,0.223842359571171,0.22384235957117118,0.342,0.342,1657,1889,-1
FHOC,literature_cutoff,SQT,8,16,50,P23,3128.7991492983115,3133.6523651785974,6311.936460293597,130.44572633035574,1299.8296939041559,1299.8296939041559,989.3162784421311,2.147798025902021,0.23511908053356867,0.2351190805335685,0.324,0.324,1675,1892,-1
FHOC,literature_cutoff,SQT,9,18,50,P23,2607.892633117866,2611.4205622121926,5851.678219657682,126.61307694010152,1239.7078908773433,1239.7078908773433,971.3192021596574,2.07100126511677,0.21860582263584416,0.218605822635844,0.353,0.353,1646,1879,1451
FHOC,literature_cutoff,SQT,10,20,50,P23,3328.032027716457,3332.1175307260887,6195.19383207662,129.44962703608255,1315.6557945464576,1315.6557945464576,993.7800701007626,2.1261002092903003,0.23039256370765845,0.23039256370765873,0.328,0.328,1671,1879,-1
FHOC,literature_cutoff,SQT,1,2,50,P24,3479.3738094042715,3486.714082067962,7023.773722452577,142.17217863403306,1527.9418961678016,1527.9418961678016,1119.6818989739932,2.1398075571819444,0.2333729042697737,0.2333729042697738,0.309,0.309,1690,1911,-1
FHOC,literature_cutoff,SQT,2,3,50,P24,3361.1651434949545,3365.528463541013,6512.261609838577,132.62865173700666,1512.270171318741,1512.270171318741,1059.8603069343437,1.9888886716399483,0.20161458451466455,0.20161458451466444,0.331,0.331,1668,1908,-1
FHOC,literature_cutoff,SQT,3,5,50,P24,3559.909399679051,3564.957555711149,5568.734801621176,139.97734007564623,1521.6097341456039,1521.6097341456039,1090.6835076828525,2.096273239240041,0.22397357255626577,0.22397357255626568,0.317,0.317,1682,1912,-1
FHOC,literature_cutoff,SQT,4,10,50,P24,3245.002562850846,3249.1752462640134,5484.790610176395,135.77356400659463,1511.057200452365,1511.057200452365,1076.8289338605985,2.0205040617186847,0.20807526317134056,0.20807526317134087,0.342,0.342,1657,1903,-1
FHOC,literature_cutoff,SQT,5,11,50,P24,4003.319681304299,4011.8545329376884,6358.625454970053,138.068804619846,1525.7692185700598,1525.7692185700598,1134.584226553753,2.072275904233459,0.21887499608902142,0.2188749960890215,0.27,0.27,1729,1904,-1
FHOC,literature_cutoff,SQT,6,13,50,P24,3089.2581246765258,3095.6659439059617,3873.433546987013,139.80114017875093,1484.1076314148124,1484.1076314148124,1096.9671418951823,2.094130918840844,0.2235160196353312,0.22351601963533127,0.322,0.322,1677,1915,-1
FHOC,literature_cutoff,SQT,7,14,50,P24,3397.67338131819,3402.7007105998955,5050.164200061234,127.57725538201979,1490.3451371654883,1490.3451371654883,1079.8693608953713,1.896396228790075,0.1832986063490937,0.1832986063490937,0.318,0.318,1681,1904,-1
FHOC,literature_cutoff,SQT,8,16,50,P24,3007.091414007116,3013.015018792683,4059.0149988865596,143.91257705814755,1455.9275932957307,1455.9275932957307,1055.3388104267394,2.177955790947647,0.24176816653019315,0.24176816653019303,0.338,0.338,1661,1900,-1
FHOC,literature_cutoff,SQT,9,17,50,P24,3230.112796365512,3236.217190932231,5771.3619176978245,147.8725184496948,1542.5806552772578,1542.5806552772578,1098.6943123529372,2.2205642280319173,0.2513203614074916,0.25132036140749175,0.338,0.338,1661,1914,-1
FHOC,literature_cutoff,SQT,10,21,50,P24,3154.3831684956804,3159.153007272688,4702.014336242108,136.9118548507198,1462.1127150231403,1462.1127150231403,1068.4824236673935,2.0458155871116603,0.21332117311259058,0.2133211731125907,0.343,0.343,1656,1897,-1
FHOC,literature_cutoff,SQT,1,3,50,P25,2623.775577421537,2626.5354605792413,3309.896633155062,125.81577636989486,1376.1570191357473,1376.1570191357473,979.0159995319804,1.9887754797866128,0.20159163654436657,0.2015916365443666,0.363,0.363,1636,1909,-1
FHOC,literature_cutoff,SQT,2,4,50,P25,2451.104320735308,2456.1703576070367,4766.47345769027,137.41587958815094,1339.8772989775512,1339.8772989775512,1026.514593793253,2.171123396945238,0.2402536597738547,0.24025365977385435,0.354,0.354,1645,1915,-1
FHOC,literature_cutoff,SQT,3,6,50,P25,2593.6885841042,2596.504048040513,5890.1943487258395,135.55213360549877,1403.5938679395194,1403.5938679395194,977.9208000971382,2.1415131737473456,0.2337450903839668,0.2337450903839666,0.383,0.383,1616,1898,-1
FHOC,literature_cutoff,SQT,4,8,50,P25,2478.0134499819214,2483.307339779989,4551.34968218155,134.70222757880035,1347.0606983132084,1347.0606983132084,1010.9976524417809,2.1230514926989215,0.22973229564990408,0.2297322956499043,0.35,0.35,1649,1900,-1
FHOC,literature_cutoff,SQT,5,12,50,P25,2473.167639389954,2477.6537457059962,4513.855975278828,138.84309008931257,1350.2999438549627,1350.2999438549627,1029.0976453161418,2.202370742627442,0.24721900550363657,0.24721900550363657,0.349,0.349,1650,1916,-1
FHOC,literature_cutoff,SQT,6,14,50,P25,2444.8713804380895,2449.1733781968296,3927.275974525546,140.66029034658519,1369.4875602968318,1369.4875602968318,978.615342458345,2.244351588311728,0.2567336417919152,0.25673364179191516,0.375,0.375,1624,1908,-1
FHOC,literature_cutoff,SQT,7,17,50,P25,1710.4551200099231,1716.455285034933,2548.385193295311,132.61613037067053,892.2034553131728,1391.7741077946002,935.271352609223,2.1014309625646925,0.22507706882903009,0.22507706882903025,0.421,0.421,1578,1707,-1
FHOC,literature_cutoff,SQT,8,18,50,P25,2859.4562446544096,2864.882715582208,5087.162627508049,133.5405913430097,1411.935316615769,1411.935316615769,1030.3869418511651,2.108366916447078,0.22656529329095615,0.22656529329095623,0.329,0.329,1670,1910,-1
FHOC,literature_cutoff,SQT,9,20,50,P25,2075.4328787328377,2079.6327764869766,2872.5187465848285,130.9074401495376,918.9581055935192,1418.6163839997093,947.690449736903,2.0650265877752076,0.21734632050043412,0.21734632050043362,0.413,0.413,1586,1712,-1
FHOC,literature_cutoff,SQT,10,21,50,P25,2568.3608376283173,2569.9457725111106,4629.810190386546,142.72581874841993,1367.0891545144689,1367.0891545144689,990.474171090914,2.2681194322829445,0.26220008965848657,0.26220008965848635,0.378,0.378,1621,1898,-1
FHOC,literature_cutoff,SQT,1,2,50,P26,2580.9505041023235,2585.3976040155203,3770.401659861207,130.27789113616942,1293.6107597598825,1293.6107597598825,982.6341924692485,2.0838423980027785,0.22132513454199645,0.22132513454199654,0.365,0.365,1634,1883,-1
FHOC,literature_cutoff,SQT,2,5,50,P26,2291.448030676684,2295.6390151440655,5378.662101843453,133.9645123023173,1240.1616095866216,1240.1616095866216,982.9758544714903,2.1522836782959027,0.2361021932649817,0.23610219326498197,0.374,0.374,1625,1891,1480
FHOC,literature_cutoff,SQT,3,6,50,P26,2665.6842140750996,2668.854479420026,4007.10159348062,131.62750829243953,1287.8450833890527,1287.8450833890527,979.8035218643821,2.1161883973411872,0.22824940535379523,0.22824940535379562,0.366,0.366,1633,1879,1498
FHOC,literature_cutoff,SQT,4,9,50,P26,2407.913322905777,2412.4017940851477,6158.586813799513,136.73350426813158,1260.4360242033324,1260.4360242033324,1006.8684250873433,2.2031847358174907,0.24740178288171183,0.24740178288171183,0.365,0.365,1634,1896,1414
FHOC,literature_cutoff,SQT,5,10,50,P26,2986.843056133745,2988.8906314507026,4739.082084340567,128.62928358359676,1319.184143879461,1319.184143879461,977.8415670290526,2.065042685868515,0.217349709197709,0.21734970919770874,0.359,0.359,1640,1870,1452
FHOC,literature_cutoff,SQT,6,12,50,P26,2379.144942477034,2381.1863858644574,3868.431417884887,129.5030093096883,1275.055888153365,1275.055888153365,964.0419406796962,2.0784222056067447,0.22017527343319088,0.22017527343319063,0.377,0.377,1622,1893,-1
FHOC,literature_cutoff,SQT,7,13,50,P26,2858.0277656369053,2861.5375543253167,5832.167947449721,131.82696041276736,1301.0111497209493,1301.0111497209493,992.5821688988013,2.1218206712372094,0.22946600208407347,0.2294660020840739,0.35,0.35,1649,1886,1514
FHOC,literature_cutoff,SQT,8,15,50,P26,2512.1895651887544,2514.4953103517196,4165.405628342065,131.90825340613205,1299.3530110692911,1299.3530110692911,967.1493765394173,2.123628636349662,0.2298572163671929,0.22985721636719317,0.38,0.38,1619,1883,1463
FHOC,literature_cutoff,SQT,9,16,50,P26,2585.478027403749,2587.674008942311,3904.966167251172,133.8426405852398,1296.1951714949184,1296.1951714949184,980.1757778447992,2.1462531927076856,0.23478097692191302,0.23478097692191272,0.374,0.374,1625,1883,1447
FHOC,literature_cutoff,SQT,10,19,50,P26,2522.6550734054063,2525.8129068853736,4564.580776567571,132.1274231791757,1290.0106751673834,1290.0106751673834,985.6808442858363,2.120849669144774,0.22925603053575416,0.2292560305357545,0.371,0.371,1628,1890,1435
FHOC,literature_cutoff,SQT,1,3,50,P27,2955.7470267849308,2958.471537238465,4784.443382684025,161.85865931142632,1572.8699894824447,1572.8699894824447,1174.1512434175684,2.159064019320121,0.23759212229983462,0.23759212229983442,0.365,0.365,1634,1899,-1
FHOC,literature_cutoff,SQT,2,4,50,P27,3994.1546032564834,4000.8866807601,7673.388691098895,163.2721219183656,1631.7101734421692,1631.7101734421692,1261.7229272312136,2.1839904698872536,0.2431098049214244,0.2431098049214245,0.329,0.329,1670,1892,1434
FHOC,literature_cutoff,SQT,3,5,50,P27,3900.0115029926205,3909.031754254323,8575.066069140797,159.68275619016774,1598.6929808444527,1598.6929808444527,1249.4269336753298,2.1271618192898036,0.23062270160266599,0.23062270160266649,0.327,0.327,1672,1886,1523
FHOC,literature_cutoff,SQT,4,9,50,P27,3424.9016853155154,3426.316926815071,6789.740664767916,159.93850986251067,1574.2687982028565,1574.2687982028565,1190.0404262368902,2.134356771552822,0.23218546525348546,0.23218546525348555,0.343,0.343,1656,1893,-1
FHOC,literature_cutoff,SQT,5,11,50,P27,2849.1439149650973,2851.2960299205834,4596.465344284428,159.16803403911575,1557.6207096427734,1557.6207096427734,1153.7835913661506,2.126751218356282,0.23053367710397196,0.23053367710397243,0.375,0.375,1624,1898,-1
FHOC,literature_cutoff,SQT,6,15,50,P27,2909.7511427546056,2913.0552532377415,5577.22475295153,160.61323832805087,1516.924738555085,1516.924738555085,1171.640252129709,2.147277948540195,0.23500522876080476,0.23500522876080493,0.367,0.367,1632,1890,-1
FHOC,literature_cutoff,SQT,7,16,50,P27,2971.155316561546,2973.8352346361257,5138.161270923796,156.3883395465978,1528.6011032149997,1528.6011032149997,1164.6312103479331,2.0861443915156155,0.22181439461019659,0.22181439461019659,0.363,0.363,1636,1890,-1
FHOC,literature_cutoff,SQT,8,18,50,P27,3267.96351816883,3271.5582713400504,5844.203630831442,153.75256334265993,1559.4250929384445,1559.4250929384445,1166.772105127641,2.0544387727381506,0.21512327578643417,0.21512327578643445,0.351,0.351,1648,1885,-1
FHOC,literature_cutoff,SQT,9,19,50,P27,2626.643756993159,2627.859294168677,5000.878792511532,150.7271198855761,1529.1696079783055,1529.1696079783055,1104.42646186541,2.012305333433999,0.20639004867313548,0.2063900486731353,0.401,0.401,1598,1885,-1
FHOC,literature_cutoff,SQT,10,21,50,P27,2723.5751207761928,2725.203584374359,4982.073353824904,154.706935871466,1510.4800752027538,1510.4800752027538,1143.2478484703386,2.0630496329594896,0.21693036636362306,0.21693036636362287,0.377,0.377,1622,1887,-1
FHOC,literature_cutoff,SQT,1,2,50,P28,1988.977299505655,1993.6849399015923,5548.700727239833,126.64229412841476,1184.6024495689232,1184.6024495689232,940.7079987171052,2.0859362785671283,0.22177014058320488,0.2217701405832048,0.372,0.372,1627,1915,-1
FHOC,literature_cutoff,SQT,2,3,50,P28,2382.554695950515,2388.4768829931836,5517.824987130007,124.65322284525362,1230.1456951307118,1230.1456951307118,960.2847621004847,2.0527476721001165,0.21476926632581284,0.214769266325813,0.342,0.342,1657,1910,-1
FHOC,literature_cutoff,SQT,3,6,50,P28,1905.7207228343007,1907.8757078099554,4441.481875060592,127.1229022623786,1192.1620055491185,1192.1620055491185,921.7986832368784,2.095880609751878,0.2238896804451531,0.22388968044515367,0.389,0.389,1610,1910,-1
FHOC,literature_cutoff,SQT,4,8,50,P28,1587.1884962093466,1592.7070953751797,5960.290763575933,121.3585728909072,1111.6243233418286,1111.6243233418286,922.8176905422158,1.9888244155749144,0.20160155738975022,0.2016015573897503,0.396,0.396,1603,1912,-1
FHOC,literature_cutoff,SQT,5,9,50,P28,2008.430274077566,2020.0870052103764,6014.343948615424,124.45328477603981,1205.8031552526768,1205.8031552526768,974.6101637102995,2.0440914942830672,0.21296177558615612,0.21296177558615628,0.342,0.342,1657,1911,-1
FHOC,literature_cutoff,SQT,6,13,50,P28,1979.0403994874162,1989.029701253053,7247.67739031493,116.34918474025254,1167.543700674451,1167.543700674451,940.6826572800718,1.908651704974941,0.18567539912863143,0.18567539912863196,0.373,0.373,1626,1903,1504
FHOC,literature_cutoff,SQT,7,16,50,P28,2096.1934217657763,2106.8799407212327,6703.65870391787,122.32783514041627,1197.895325826741,1197.895325826741,953.0475282325093,2.0138133797286275,0.2066995070527032,0.20669950705270293,0.353,0.353,1646,1909,-1
FHOC,literature_cutoff,SQT,8,17,50,P28,1830.8087274094426,1838.0015086311644,6562.4963985948125,115.380834263868,1162.7641513997812,1162.7641513997812,944.5771068354622,1.8833427826111981,0.18078389586206375,0.1807838958620637,0.374,0.374,1625,1910,-1
FHOC,literature_cutoff,SQT,9,19,50,P28,1630.9840431974294,1639.1088075173718,6823.571776999976,127.33127584401348,1149.260446563318,1149.260446563318,940.6325435630381,2.1096495229294097,0.22684103514761905,0.22684103514761905,0.364,0.364,1635,1910,-1
FHOC,literature_cutoff,SQT,10,22,50,P28,1573.2416038612441,1576.6916662541043,4999.630041463359,120.33975263518342,1106.7715353599897,1106.7715353599897,901.9511692337605,1.9853673531411287,0.20090130106618811,0.2009013010661884,0.398,0.398,1601,1908,-1
FHOC,literature_cutoff,SQT,1,2,50,P29,2262.1979292967085,2263.108482510799,3424.705425526714,118.78550659832804,1284.543057350089,1284.543057350089,906.4868751476594,1.948739708323805,0.1935569037103949,0.19355690371039536,0.387,0.387,1612,1908,-1
FHOC,literature_cutoff,SQT,2,5,50,P29,2314.4395366300664,2315.3058890356137,5377.206082030374,119.30038561090684,1340.9044771162403,1340.9044771162403,883.2335294527219,1.9645095467574487,0.1967022303415472,0.19670223034154696,0.407,0.407,1592,1903,-1
FHOC,literature_cutoff,SQT,3,6,50,P29,2870.537990721472,2872.4851604330943,5245.2732341159135,121.55741561226964,1334.5892414566426,1334.5892414566426,949.2008594954111,1.9938509065904735,0.2026218877528875,0.20262188775288806,0.343,0.343,1656,1899,-1
FHOC,literature_cutoff,SQT,4,7,50,P29,3813.207425551531,3817.002444903456,6386.069916382665,124.2182438911529,1388.590512279155,1388.590512279155,1015.6100177966194,2.0358449638440894,0.2112469274622498,0.2112469274622498,0.302,0.302,1697,1896,-1
FHOC,literature_cutoff,SQT,5,11,50,P29,2699.522672445982,2701.763694502118,4341.438535081979,119.52173041309423,1277.4955638997058,1277.4955638997058,948.9859671352787,1.9580121093268812,0.1954032324296994,0.1954032324296994,0.348,0.348,1651,1894,-1
FHOC,literature_cutoff,SQT,6,13,50,P29,2630.5883764011587,2631.2464377247984,5901.812358466268,119.54028759358825,1319.0778061541898,1319.0778061541898,931.1096588819537,1.9576127405067898,0.19532352914345075,0.19532352914345089,0.365,0.365,1634,1901,-1
FHOC,literature_cutoff,SQT,7,17,50,P29,3664.5336651350103,3667.06762106707,6267.008365789428,121.33403646374185,1363.0560816662214,1363.0560816662214,991.2165995118136,1.9896031479440088,0.2017594641339811,0.20175946413398138,0.313,0.313,1686,1891,-1
FHOC,literature_cutoff,SQT,8,19,50,P29,3082.8769486049164,3086.667425767968,5465.936807968421,119.02783493377983,1298.3789051989395,1298.3789051989395,968.0213816603951,1.955203428018563,0.19484304000690827,0.19484304000690827,0.324,0.324,1675,1891,-1
FHOC,literature_cutoff,SQT,9,20,50,P29,3170.053306313906,3172.2330002180315,6236.835529862146,118.64034200949644,1312.4295389673662,1312.4295389673662,974.6503734341346,1.942733214519,0.19236556283360481,0.19236556283360465,0.33,0.33,1669,1886,1481
FHOC,literature_cutoff,SQT,10,21,50,P29,3303.7986385138715,3307.4097454913503,5261.578312439437,122.37855364226135,1315.9673014340335,1315.9673014340335,982.2367470889075,2.01194762742859,0.20631667968988443,0.2063166796898848,0.323,0.323,1676,1893,-1
FHOC,literature_cutoff,SQT,1,1,50,P30,5022.480379402122,5036.800686054796,8636.164269623405,163.9622887788567,1274.056711108471,1404.571374923719,1130.6382604662858,2.2028283778802686,0.24732175649309968,0.24732175649309956,0.425,0.425,1574,1679,1422
FHOC,literature_cutoff,SQT,2,4,50,P30,5322.927271072255,5346.669283372039,7937.08119674155,170.43905522433946,1368.7401949450064,1368.7401949450064,1171.4274455512852,2.2954578992509074,0.26855896876826646,0.2685589687682674,0.414,0.414,1585,1698,1407
FHOC,literature_cutoff,SQT,3,7,50,P30,5366.359242036564,5391.621858221704,8822.572397940676,158.33568307810128,1360.3368467952394,1360.3368467952394,1140.3115167371698,2.117591595562958,0.22855220008149207,0.22855220008149166,0.431,0.431,1568,1670,1399
FHOC,literature_cutoff,SQT,4,8,50,P30,2360.9047151042955,2368.249909157578,7582.243252825516,159.06712315787325,1435.6478860439902,1435.6478860439902,1160.6235288886185,2.133953648130739,0.2320977661758659,0.23209776617586647,0.385,0.385,1614,1897,-1
FHOC,literature_cutoff,SQT,5,10,50,P30,5009.606060836727,5028.342247378801,7513.452002978884,159.050550695795,1348.110234988763,1364.751559388639,1142.726896742421,2.1300459615430856,0.23124851163537247,0.23124851163537263,0.429,0.429,1570,1687,1365
FHOC,literature_cutoff,SQT,6,12,50,P30,3970.147221265514,3982.6971725590556,6009.936917645857,156.52999601068433,1238.0820102514945,1386.2292888471898,1114.8226227992377,2.1042511204958574,0.22568158909827069,0.22568158909827032,0.416,0.416,1583,1698,-1
FHOC,literature_cutoff,SQT,7,14,50,P30,4802.755751742147,4819.188375484295,7870.252159167547,154.48169089552223,1315.483338882485,1391.3624958517414,1133.9423970352327,2.0714111636299357,0.2186923653828096,0.2186923653828096,0.424,0.424,1575,1693,1366
FHOC,literature_cutoff,SQT,8,15,50,P30,4143.713811120189,4158.1078431864835,7074.98508617148,160.45500781751173,1238.4809331209556,1450.9665733815366,1127.5789553635004,2.1615693491481913,0.2381438354320558,0.23814383543205592,0.401,0.401,1598,1709,-1
FHOC,literature_cutoff,SQT,9,16,50,P30,5387.6282365354145,5405.790076888537,9617.359119122964,164.2465737171032,1337.9953077204634,1349.3328575309536,1125.9405564111203,2.2122252082756355,0.24943630846738932,0.24943630846738943,0.43,0.43,1569,1674,-1
FHOC,literature_cutoff,SQT,10,20,50,P30,4784.686593220607,4811.995138155588,7186.943433856533,171.41996024813392,1304.581367565191,1393.6546997339333,1130.8800825025444,2.3238658236123353,0.2752473173370763,0.2752473173370762,0.433,0.433,1566,1672,1401
FHOC,literature_cutoff,SQT,1,4,50,P31,3391.6506663595737,3392.8351435109707,6121.39474191732,137.57534085091245,1421.9839279471732,1421.9839279471732,1028.01320681886,2.206928107408288,0.2482432044479474,0.2482432044479475,0.331,0.331,1668,1901,-1
FHOC,literature_cutoff,SQT,2,5,50,P31,3357.7922743510057,3360.8444331728383,6820.2175728373695,141.69729873748796,1393.930322164411,1393.930322164411,1055.9445686560846,2.273736615912771,0.2635004178665881,0.2635004178665888,0.314,0.314,1685,1910,-1
FHOC,literature_cutoff,SQT,3,9,50,P31,3716.950588788873,3718.667138479287,6227.994885460357,136.97985654278813,1451.285667331187,1451.285667331187,1039.3393038015538,2.196800639233602,0.24597008402330084,0.24597008402330106,0.322,0.322,1677,1897,-1
FHOC,literature_cutoff,SQT,4,10,50,P31,3633.6870369027515,3635.8171720836203,5712.408315192501,133.4827358807495,1437.9803190191517,1437.9803190191517,1024.630905051939,2.145245002939093,0.2345604547724337,0.23456045477243379,0.318,0.318,1681,1899,-1
FHOC,literature_cutoff,SQT,5,11,50,P31,3159.719573509688,3161.792306787292,7103.102304796921,137.63327636571935,1380.9250616776217,1380.9250616776217,1031.5157653427832,2.207752231962272,0.24842864004762458,0.248428640047625,0.327,0.327,1672,1908,-1
FHOC,literature_cutoff,SQT,6,13,50,P31,3474.3084016063995,3477.782814161246,7922.132980440685,134.466842901231,1382.0857562317015,1382.0857562317015,1048.6956423835688,2.1589244294885286,0.23756140123559472,0.23756140123559472,0.306,0.306,1693,1907,-1
FHOC,literature_cutoff,SQT,7,16,50,P31,3906.659563181009,3911.3076090953778,7601.610405867745,137.01381780708292,1421.179219005481,1421.179219005481,1059.2315144987392,2.1974950732443443,0.24612561656132345,0.24612561656132376,0.309,0.309,1690,1890,-1
FHOC,literature_cutoff,SQT,8,17,50,P31,3451.925922034386,3453.5215682669905,6533.768533703522,137.24198326757374,1427.6381618934145,1427.6381618934145,1047.2016530503765,2.2037711287078614,0.24753349580664225,0.24753349580664238,0.317,0.317,1682,1913,-1
FHOC,literature_cutoff,SQT,9,20,50,P31,3332.561474284969,3333.994695598661,7296.174669813656,139.2589395190653,1404.7642601075215,1404.7642601075215,1038.4391800115682,2.235480783609128,0.2547081719615536,0.2547081719615534,0.327,0.327,1672,1904,-1
FHOC,literature_cutoff,SQT,10,21,50,P31,3814.40111696198,3816.3242830752106,8210.58902832237,139.29313967479868,1451.252902718845,1451.252902718845,1053.2024217538014,2.2360771902598504,0.2548440979001217,0.25484409790012197,0.313,0.313,1686,1900,-1
FHOC,literature_cutoff,SQT,1,3,50,P32,1913.1277331736032,1918.4986385584582,5241.02450331155,134.84357158864228,1155.5528705778163,1155.5528705778163,913.0238586992632,2.3636926219161483,0.2847626305250171,0.28476263052501716,0.397,0.397,1602,1903,1446
FHOC,literature_cutoff,SQT,2,4,50,P32,1747.5028143541228,1752.6870351123791,4932.842162142799,132.8785903601609,1165.9401064060312,1165.9401064060312,897.084978361433,2.3212689629305143,0.2746324973631247,0.2746324973631247,0.414,0.414,1585,1913,-1
FHOC,literature_cutoff,SQT,3,5,50,P32,1528.7685430791944,1531.1001361005444,3868.4361209112103,128.809092895692,1123.7238987462756,1123.7238987462756,864.1026465486423,2.25506254765759,0.25918996400855965,0.25918996400856,0.437,0.437,1562,1906,-1
FHOC,literature_cutoff,SQT,4,9,50,P32,1611.9859860994227,1614.8272061785601,3776.1918463111506,123.76741498309939,1113.1837388855236,1113.1837388855236,867.4718681053898,2.160828922560583,0.23798071521785574,0.23798071521785663,0.418,0.418,1581,1899,1405
FHOC,literature_cutoff,SQT,5,11,50,P32,1517.260172730032,1520.7067619756344,4474.437244636181,128.94421385541307,1111.246892024887,1111.246892024887,873.7703181318551,2.2575655616448334,0.25976566081165914,0.2597656608116594,0.435,0.435,1564,1904,1395
FHOC,literature_cutoff,SQT,6,12,50,P32,1500.517054140485,1503.9581808063242,4179.675403048866,127.87577870483469,1144.0544312007569,1144.0544312007569,869.1803808762621,2.237646314065575,0.2552018871993504,0.25520188719935066,0.446,0.446,1553,1908,1320
FHOC,literature_cutoff,SQT,7,14,50,P32,1548.1630248145016,1552.6560725346278,3726.4567265503574,130.71516941351553,1135.3346937902586,1135.3346937902586,891.8484232705692,2.2978297574919733,0.26911425047989906,0.26911425047989906,0.417,0.417,1582,1909,1384
FHOC,literature_cutoff,SQT,8,18,50,P32,1691.21726278753,1694.5585938811307,3466.0558359047864,123.75643311175502,1158.8220698991063,1158.8220698991063,875.2832174440596,2.157580090578131,0.2372656395137174,0.23726563951371762,0.419,0.419,1580,1907,-1
FHOC,literature_cutoff,SQT,9,21,50,P32,3346.0496903484777,3364.063356660364,5974.612002254464,125.57303910935637,994.7387499122434,1107.0096814328112,904.417537796444,2.19090992970317,0.24465271763873342,0.244652717638733,0.406,0.406,1593,1711,1422
FHOC,literature_cutoff,SQT,10,22,50,P32,1933.6861783069987,1939.9159654127186,5375.3798826069105,131.30080359296943,1171.2537935974062,1171.2537935974062,905.886972543287,2.2964650308083656,0.26879468082189945,0.26879468082189945,0.386,0.386,1613,1904,-1
FHOC,literature_cutoff,SQT,1,3,50,P33,2520.6234243327963,2523.4631069956536,4737.330677615479,125.88542075875121,1236.2219968420961,1236.2219968420961,929.421269135886,2.1309505540444262,0.23144496757299934,0.23144496757299993,0.358,0.358,1641,1892,-1
FHOC,literature_cutoff,SQT,2,5,50,P33,2871.1108102946473,2873.708122401954,6624.1429498076905,131.6757174628988,1264.642162111617,1264.642162111617,966.5113860099275,2.239842229701304,0.2557030180404337,0.2557030180404339,0.331,0.331,1668,1898,-1
FHOC,literature_cutoff,SQT,3,6,50,P33,2762.7435946465275,2770.1029277454245,6905.46630258247,129.76166695158335,1232.0135435892375,1232.0135435892375,985.8996080194047,2.1876805618202013,0.2439320204162055,0.24393202041620568,0.344,0.344,1655,1887,1514
FHOC,literature_cutoff,SQT,4,7,50,P33,2713.922369878506,2717.3739751180597,3714.690903312585,122.57667320762546,1286.0572848152299,1286.0572848152299,928.1545324741018,2.0733471876048433,0.2191013537384767,0.21910135373847706,0.364,0.364,1635,1887,-1
FHOC,literature_cutoff,SQT,5,11,50,P33,3616.955765217404,3620.470563730107,5332.007829767943,125.22792606110042,1323.1803529137744,1323.1803529137744,971.3554237918069,2.1234153507315434,0.22981104748839773,0.2298110474883975,0.317,0.317,1682,1881,-1
FHOC,literature_cutoff,SQT,6,13,50,P33,3096.345944073488,3099.391686217129,5411.596842684143,128.40416478643357,1278.8595151387578,1278.8595151387578,956.5542135190741,2.1805836151610496,0.24235193184040937,0.2423519318404093,0.336,0.336,1663,1886,-1
FHOC,literature_cutoff,SQT,7,14,50,P33,3340.6059856601887,3348.6674135570784,6526.867756715277,126.1776382150838,1279.9521215385175,1279.9521215385175,971.9657976458411,2.136444001333272,0.23263980483348226,0.23263980483348226,0.333,0.333,1666,1878,-1
FHOC,literature_cutoff,SQT,8,18,50,P33,3496.700200535167,3501.0818409343838,6013.456195962615,120.95335211993982,1294.706390439568,1294.706390439568,963.4993572569903,2.0498886743382223,0.21417143614577544,0.21417143614577544,0.315,0.315,1684,1885,-1
FHOC,literature_cutoff,SQT,9,19,50,P33,2829.30778548143,2832.3493181778053,4276.454073700588,125.1310502302861,1298.8902013487548,1298.8902013487548,944.5147701136952,2.1188110356301446,0.22881550482711954,0.22881550482711985,0.351,0.351,1648,1894,-1
FHOC,literature_cutoff,SQT,10,20,50,P33,3005.5125821967335,3008.3668136082347,5547.576120121521,118.64350922896054,1230.6876994280742,1230.6876994280742,938.3237459260425,2.0101391225833747,0.20594593741795408,0.20594593741795417,0.33,0.33,1669,1878,-1
FHOC,literature_cutoff,SQT,1,2,50,P34,3148.809933091324,3151.4237715739837,8085.9455725285225,122.60409755186933,1420.7462378176913,1420.7462378176913,911.9646995460903,2.0646015410055796,0.21725685642826778,0.21725685642826806,0.36,0.36,1639,1895,-1
FHOC,literature_cutoff,SQT,2,3,50,P34,2740.18447384838,2741.0111070664634,8372.380001925165,120.58381068744023,1435.784825679324,1435.784825679324,885.7381921349112,2.019824257895945,0.20793527180351196,0.20793527180351204,0.404,0.404,1595,1895,-1
FHOC,literature_cutoff,SQT,3,5,50,P34,2681.1170119213234,2682.8831442998244,8695.049081033445,121.78563725964122,1384.560898752032,1384.560898752032,892.1359915329203,2.050145137821862,0.21422502987434358,0.2142250298743435,0.377,0.377,1622,1903,-1
FHOC,literature_cutoff,SQT,4,8,50,P34,3549.823630586931,3558.4806722305016,5626.385665285576,115.99716498111873,1342.03399796085,1342.03399796085,963.8749300262648,1.942536300726697,0.19232656878903975,0.19232656878903998,0.319,0.319,1680,1884,-1
FHOC,literature_cutoff,SQT,5,11,50,P34,2717.7495814695817,2718.6009324669953,8664.495015644236,121.06834066699743,1420.2612782206381,1420.2612782206381,881.3878291402541,2.0317671035843867,0.21040150678938266,0.21040150678938238,0.406,0.406,1593,1896,-1
FHOC,literature_cutoff,SQT,6,13,50,P34,2841.4530014868183,2845.164736527466,4109.700310454238,125.04988793523,1327.1013374597753,1327.1013374597753,943.4124337708006,2.097913556298053,0.22432422475530805,0.22432422475530805,0.357,0.357,1642,1902,1517
FHOC,literature_cutoff,SQT,7,14,50,P34,2708.7474156457392,2709.6336140344356,7731.622971787816,120.67522309169424,1409.6779484551141,1409.6779484551141,882.7008068968572,2.018694983542458,0.2077028255137352,0.2077028255137352,0.409,0.409,1590,1889,-1
FHOC,literature_cutoff,SQT,8,15,50,P34,2849.8129378493304,2851.4179607107653,6576.67165133229,125.19605357698293,1391.7059985577928,1391.7059985577928,923.4617167963057,2.1007683777862303,0.22493515683519824,0.22493515683519816,0.372,0.372,1627,1903,-1
FHOC,literature_cutoff,SQT,9,18,50,P34,3142.340595885185,3143.620775369545,6519.515106704086,119.46102317033242,1405.8214542110195,1405.8214542110195,918.4353158638893,2.0032284122271085,0.2045323176123314,0.2045323176123316,0.356,0.356,1643,1898,-1
FHOC,literature_cutoff,SQT,10,22,50,P34,2657.0679521943266,2658.680353367884,8637.306931300438,115.36080097223115,1393.689581864431,1393.689581864431,873.6207813126713,1.9357658519362237,0.19098824839563577,0.19098824839563586,0.4,0.4,1599,1898,-1
FHOC,literature_cutoff,SQT,1,3,50,P35,3869.575015157767,3876.6800192793803,6942.510034899984,141.96190029681944,1478.5700334194262,1478.5700334194262,1099.135198377876,2.2839636577292186,0.26587614627053163,0.2658761462705321,0.305,0.305,1694,1916,-1
FHOC,literature_cutoff,SQT,2,4,50,P35,3438.0459457663515,3444.4769893449584,6240.187434833904,132.89808496566394,1394.9527361710832,1394.9527361710832,1052.349942387459,2.1330255216797904,0.23189591621495118,0.23189591621495118,0.32,0.32,1679,1898,-1
FHOC,literature_cutoff,SQT,3,6,50,P35,3628.314638875102,3636.4236488159218,5587.826391838607,143.44397221708988,1446.109949621059,1446.109949621059,1066.5353119774722,2.3226923286142247,0.27496940129476904,0.2749694012947692,0.3,0.3,1699,1900,-1
FHOC,literature_cutoff,SQT,4,8,50,P35,3644.144624193262,3648.837433726966,5334.099855894281,146.11271249900773,1444.1830537713404,1444.1830537713404,1066.2472048427878,2.365386366897329,0.28517087995431933,0.28517087995431994,0.314,0.314,1685,1906,-1
FHOC,literature_cutoff,SQT,5,10,50,P35,3460.43372081209,3465.419368582338,5435.015831720084,140.66566865331623,1430.906275380333,1430.906275380333,1052.5053117965213,2.265528405235382,0.2616013738495603,0.26160137384955984,0.331,0.331,1668,1902,1513
FHOC,literature_cutoff,SQT,6,13,50,P35,3637.5080302762644,3644.7414739380797,6545.775736996089,143.0305141771939,1420.61080432617,1420.61080432617,1072.758609495066,2.3061938543926455,0.27107696707637136,0.27107696707637136,0.319,0.319,1680,1904,1545
FHOC,literature_cutoff,SQT,7,14,50,P35,3266.876853322562,3269.0902769312484,5704.444531905174,140.44746466396896,1462.3445350719942,1462.3445350719942,1011.9591727935446,2.269489994561578,0.26251706602523506,0.26251706602523567,0.344,0.344,1655,1908,-1
FHOC,literature_cutoff,SQT,8,16,50,P35,3113.303369671215,3115.83843819302,4778.579219308798,137.27753000144747,1421.7966293006493,1421.7966293006493,1020.5257164800897,2.2072243318313247,0.24830984969562883,0.24830984969562891,0.345,0.345,1654,1906,-1
FHOC,literature_cutoff,SQT,9,18,50,P35,3438.423431335101,3442.433598053774,6325.165579344612,134.95447918114806,1456.2626897293937,1456.2626897293937,1021.4034236073767,2.1735249740848315,0.24078546447352023,0.24078546447351995,0.33,0.33,1669,1905,-1
FHOC,literature_cutoff,SQT,10,20,50,P35,3130.6009674480383,3132.5194652301398,4925.32115243224,141.21666120988925,1415.1405245919625,1415.1405245919625,1021.9177693768721,2.2784167139815934,0.26458627535936197,0.26458627535936247,0.345,0.345,1654,1909,-1
FHOC,literature_cutoff,SQT,1,4,50,P36,3188.19698604833,3194.3780877596437,5888.881965383189,149.94844329006935,1080.8072320564188,1317.67202303925,983.6004730776415,2.3208481930095646,0.2745329426603344,0.2745329426603346,0.429,0.429,1570,1697,-1
FHOC,literature_cutoff,SQT,2,6,50,P36,2826.943718256331,2838.1245426043934,4401.363879394485,140.67322194779996,1072.841182539948,1339.5669146890634,978.9472933644563,2.164735690923665,0.23884202913143507,0.23884202913143565,0.42,0.42,1579,1703,-1
FHOC,literature_cutoff,SQT,3,8,50,P36,3321.2106976594787,3329.373679659168,5262.122109194868,153.28827901065964,1108.6356766051795,1316.759700545647,990.8227348843533,2.3827374859644257,0.2893699249245704,0.2893699249245704,0.416,0.416,1583,1708,-1
FHOC,literature_cutoff,SQT,4,9,50,P36,3431.3601996402517,3446.211141826284,5552.1580211898545,144.95017047059605,1094.3129652915713,1319.5567525131262,994.4820901909251,2.2366990556749156,0.2549858647123883,0.25498586471238843,0.411,0.411,1588,1692,-1
FHOC,literature_cutoff,SQT,5,11,50,P36,3900.3042717457506,3909.5940864522217,6420.885475936288,144.18889059958403,1151.04857704128,1323.311108893329,993.1081210330535,2.21339482135522,0.24970013431203394,0.24970013431203394,0.431,0.431,1568,1688,-1
FHOC,literature_cutoff,SQT,6,12,50,P36,2603.9255570076625,2611.5003199291177,4189.576332924247,140.75515015676774,1057.5404560783988,1318.6840436805248,970.773015631297,2.155974087742717,0.23691255183578191,0.23691255183578164,0.445,0.445,1554,1682,-1
FHOC,literature_cutoff,SQT,7,14,50,P36,3053.2423670422704,3063.2475341827508,5056.517887898255,151.0890270544735,1081.0177885156213,1312.20324607666,978.8972174713712,2.331161246383144,0.2769782240896337,0.2769782240896338,0.46,0.46,1539,1670,-1
FHOC,literature_cutoff,SQT,8,15,50,P36,2286.2971251937147,2291.129146058046,3110.2807497499743,156.50245639368046,1035.3118193729933,1336.0596100365071,959.2789295851071,2.427155341928267,0.30025907511982275,0.3002590751198234,0.475,0.475,1524,1667,-1
FHOC,literature_cutoff,SQT,9,16,50,P36,3228.03138636317,3238.944977570472,4969.002435558592,154.3516915133941,1090.8026103744398,1269.3452338136099,991.7823726295561,2.388564574232595,0.2907869890560111,0.29078698905601097,0.44,0.44,1559,1682,-1
FHOC,literature_cutoff,SQT,10,18,50,P36,3173.050142407987,3183.387493246394,4645.80406926584,155.33620575045938,1112.833793119889,1320.6414911106278,1004.7326979022267,2.4016793958381073,0.2939889867682618,0.29398898676826185,0.456,0.456,1543,1686,1261
FHOC,literature_cutoff,SQT,1,2,50,P37,1873.657441898104,1874.5918796725457,3797.1070720496355,137.5206169003201,1227.5420847772607,1227.5420847772607,905.9081189897788,2.348195622099671,0.2810409112970469,0.2810409112970468,0.415,0.415,1584,1923,-1
FHOC,literature_cutoff,SQT,2,7,50,P37,1845.0829604727924,1846.199468685324,3871.098234553123,139.55225424865674,1247.3256806797276,1247.3256806797276,896.5990272417082,2.383432574967913,0.2895387787674911,0.28953877876749096,0.432,0.432,1567,1920,-1
FHOC,literature_cutoff,SQT,3,8,50,P37,2006.5024076903208,2008.2891220913452,4726.010915794759,137.36338378547836,1261.1555760299873,1261.1555760299873,916.5116904345663,2.344589370550998,0.2801783545617087,0.280178354561709,0.402,0.402,1597,1926,-1
FHOC,literature_cutoff,SQT,4,9,50,P37,1844.6589623576099,1845.9026677212937,3860.6339922136976,140.76145966287103,1218.9071225287698,1218.9071225287698,911.1237416678301,2.407148206514621,0.29532938267719444,0.29532938267719455,0.415,0.415,1584,1924,-1
FHOC,literature_cutoff,SQT,5,10,50,P37,1876.5862890720146,1878.1699099149012,4921.453861933318,137.90889766559346,1237.8601674777149,1237.8601674777149,906.261886663697,2.3504855667234374,0.28158931699160034,0.2815893169916002,0.421,0.421,1578,1921,-1
FHOC,literature_cutoff,SQT,6,12,50,P37,1718.9222120501227,1722.4344539081326,3769.394086968736,139.96586694500135,1186.9310326935388,1186.9310326935388,930.5114698917108,2.382481505409842,0.2893077534974488,0.28930775349744864,0.41,0.41,1589,1926,1451
FHOC,literature_cutoff,SQT,7,14,50,P37,2737.967651944144,2746.4536371686513,3840.972170985071,141.90998639042496,977.6678799455826,1256.2194122674805,912.2774741362205,2.431134002091854,0.3012442678963891,0.301244267896389,0.419,0.419,1580,1710,-1
FHOC,literature_cutoff,SQT,8,17,50,P37,1810.95692763803,1811.7119657554774,4778.818244207883,142.5656502632989,1256.8504729084455,1256.8504729084455,889.4693056990511,2.440773631666073,0.3036379164646478,0.30363791646464816,0.442,0.442,1557,1920,-1
FHOC,literature_cutoff,SQT,9,18,50,P37,1960.0902204769122,1961.7274930965982,5009.692398458486,134.85579182724,1269.435457868282,1269.435457868282,895.6360499776176,2.300863077212728,0.2698252242650776,0.26982522426507827,0.424,0.424,1575,1919,-1
FHOC,literature_cutoff,SQT,10,19,50,P37,1841.9160406896283,1843.601426547009,3965.4961228524335,140.1894352088444,1260.085937303551,1260.085937303551,895.1009936494429,2.3975151356646855,0.29297037847814755,0.2929703784781479,0.434,0.434,1565,1923,-1
